popularity,danceability,energy,key,loudness,mode,speechiness,acousticness,instrumentalness,liveness,valence,tempo,duration_ms,time_signature
16,0.947,0.969,9,-5.239,0,0.325,0.555,0,0.354,0.53,105.016,135880,4
37,0.77,0.644,2,-4.921,1,0.105,0.0602,0,0.287,0.619,105.047,235973,4
2,0.593,0.87,11,-5.796,1,0.351,0.0654,0,0.125,0.799,89.382,269187,4
0,0.764,0.453,6,-9.589,0,0.0516,0.786,0,0.548,0.591,110.993,313825,4
22,0.675,0.955,10,-3.178,0,0.213,0.0475,0,0.22,0.643,99.972,254067,4
31,0.658,0.551,1,-6.62,1,0.371,0.00423,0.000108,0.197,0.441,138.345,214960,5
37,0.672,0.638,1,-8.315,0,0.335,0.501,3.83E-05,0.136,0.347,87.32,170444,4
22,0.684,0.675,10,-5.275,1,0.102,0.141,0,0.217,0.5,160.231,177013,4
31,0.722,0.927,11,-4.447,1,0.13,0.307,7.31E-05,0.0672,0.742,95.011,219187,4
10,0.517,0.747,6,-4.74,0,0.295,0.0189,7.32E-06,0.0821,0.506,102.033,171980,4
26,0.748,0.638,10,-6.259,0,0.157,0.0106,0,0.293,0.486,92.984,242965,4
43,0.903,0.928,5,-4.172,0,0.134,0.331,0,0.0944,0.903,122.005,227147,4
32,0.897,0.452,8,-7.699,0,0.119,0.286,0,0.0508,0.87,90.008,230013,4
17,0.754,0.896,10,-6.048,0,0.128,0.386,0,0.284,0.735,90.179,255800,4
9,0.555,0.754,10,-5.862,0,0.271,0.485,0,0.0832,0.549,86.783,157195,4
22,0.811,0.587,1,-8.945,0,0.207,0.0247,1.43E-05,0.0892,0.558,91.545,294040,4
2,0.839,0.706,5,-6.104,0,0.199,0.208,0,0.242,0.839,96.673,245133,4
0,0.857,0.875,1,-4.584,1,0.0675,0.00425,0.117,0.053,0.532,157.86,300667,4
5,0.794,0.683,10,-7.15,0,0.145,0.281,1.75E-06,0.0813,0.76,139.986,206987,4
1,0.673,0.827,1,-6.035,1,0.341,0.0843,0,0.115,0.275,96.972,175177,4
16,0.852,0.53,10,-12.026,0,0.329,0.188,0,0.125,0.935,96.954,232587,4
0,0.539,0.556,11,-7.837,1,0.31,0.213,0,0.13,0.64,70.423,268707,4
16,0.755,0.619,4,-8.895,0,0.224,0.03,0,0.213,0.297,86.992,264840,4
0,0.971,0.681,0,-6.183,1,0.133,0.333,0.00113,0.137,0.916,119.031,211116,4
15,0.94,0.892,6,-6.363,0,0.23,0.023,0.000897,0.264,0.583,100.06,180493,4
19,0.753,0.479,2,-8.439,1,0.0424,0.0163,0.837,0.113,0.329,116.015,187594,3
25,0.683,0.894,4,-6.534,0,0.162,0.62,1.59E-06,0.135,0.477,120.076,146240,4
0,0.789,0.422,1,-9.874,0,0.156,0.248,0.0246,0.123,0.547,117.988,194396,4
9,0.777,0.955,8,-4.604,1,0.247,0.074,0,0.394,0.511,102.141,264600,4
1,0.703,0.745,9,-3.9,0,0.285,0.0055,0,0.218,0.47,95.48,273120,4
49,0.839,0.533,2,-12.416,1,0.291,0.0197,0.00104,0.108,0.522,95.895,254929,4
10,0.458,0.764,7,-5.895,1,0.247,0.0464,0,0.102,0.306,77.26,223227,4
5,0.751,0.722,7,-5.783,1,0.0965,0.063,1.59E-05,0.204,0.389,90.029,193293,4
22,0.723,0.775,2,-4.113,1,0.288,0.0787,0.000176,0.28,0.847,100.386,168733,4
5,0.873,0.793,1,-5.901,0,0.049,0.00311,0.00517,0.0756,0.293,116.366,516310,4
15,0.659,0.738,4,-4.077,0,0.361,0.00561,0,0.319,0.516,93.816,251907,4
11,0.801,0.677,7,-8.126,0,0.162,0.274,0,0.0911,0.559,130.001,197784,4
42,0.54,0.64,1,-8.159,0,0.291,0.766,7.17E-05,0.0908,0.23,150.071,197784,4
1,0.506,0.815,1,-7.596,1,0.473,0.142,0,0.169,0.461,86.331,239283,1
13,0.884,0.617,11,-5.598,1,0.233,0.0153,0,0.19,0.402,142.952,183011,4
14,0.402,0.402,9,-10.754,1,0.0464,0.445,0.764,0.276,0.239,139.98,99080,4
20,0.797,0.396,0,-13.587,1,0.31,0.279,0.00521,0.114,0.445,88.921,232173,4
6,0.744,0.694,1,-6.84,1,0.0845,0.144,0,0.132,0.544,136.976,214441,4
49,0.624,0.764,0,-3.724,0,0.0577,0.232,0.00055,0.131,0.961,190.089,213776,4
53,0.558,0.794,7,-5.947,0,0.304,0.174,0,0.157,0.431,184.545,164405,3
15,0.856,0.862,4,-4.226,0,0.173,0.2,0,0.686,0.686,105.02,198857,4
19,0.682,0.969,1,-3.239,1,0.454,0.274,0,0.533,0.507,97.905,221240,4
28,0.875,0.656,11,-6.185,0,0.267,0.0763,0,0.127,0.596,97.977,259387,4
19,0.854,0.511,0,-8.874,1,0.491,0.0904,0,0.116,0.438,83.115,301200,4
50,0.725,0.829,11,-4.85,1,0.233,0.321,1.11E-06,0.114,0.362,101.563,288340,4
4,0.652,0.809,5,-5.276,1,0.17,0.165,0,0.175,0.512,94.786,254466,4
0,0.802,0.842,5,-4.276,0,0.197,0.0281,9.70E-05,0.183,0.527,84.686,247467,4
1,0.674,0.669,2,-8.12,1,0.325,0.191,0,0.345,0.597,87.152,286427,4
1,0.899,0.576,1,-5.988,1,0.174,0.264,0.108,0.075,0.869,99.998,213969,4
39,0.935,0.623,9,-4.132,0,0.25,0.113,0,0.0826,0.845,96.935,247000,4
31,0.847,0.702,7,-6.625,1,0.0587,0.0623,1.77E-06,0.321,0.699,101.869,293033,4
17,0.754,0.718,11,-4.209,0,0.111,0.0122,0.000111,0.0923,0.576,169.114,201000,4
23,0.635,0.722,6,-2.228,0,0.463,0.365,0,0.204,0.544,175.814,476473,4
34,0.914,0.608,7,-5.658,1,0.32,0.0626,0,0.0515,0.667,98.049,256973,4
21,0.873,0.695,1,-5.611,1,0.238,0.303,0,0.0745,0.926,90.024,223267,4
9,0.773,0.901,1,-3.53,0,0.336,0.17,0,0.264,0.653,97.919,209933,4
17,0.73,0.78,7,-6.967,1,0.237,0.243,0,0.482,0.832,95.873,175560,4
31,0.918,0.671,7,-8.694,1,0.228,0.0796,0,0.428,0.885,131.056,297826,4
13,0.839,0.901,1,-9.551,1,0.0931,0.0936,0,0.343,0.857,105.566,559867,4
0,0.559,0.697,6,-9.949,0,0.299,0.417,0.00031,0.144,0.604,83.844,219267,4
69,0.694,0.684,7,-5.276,1,0.0599,0.122,0,0.113,0.334,100.951,152137,4
2,0.817,0.84,2,-8.598,1,0.0923,0.00511,0.000345,0.288,0.89,104.295,237907,4
38,0.694,0.613,8,-5.632,1,0.262,0.00945,0.000121,0.342,0.577,81.98,238533,4
22,0.698,0.627,11,-5.968,0,0.404,0.565,0,0.106,0.488,184.034,192059,4
18,0.883,0.972,7,-2.231,1,0.111,0.194,0,0.316,0.961,115.974,216640,4
13,0.786,0.475,11,-9.682,0,0.356,0.674,0,0.113,0.61,93.113,206509,4
9,0.771,0.756,6,-5.005,0,0.3,0.0547,0,0.0803,0.867,91.138,276992,4
1,0.817,0.855,11,-5.169,0,0.229,0.123,0,0.0332,0.654,120.001,291082,4
0,0.786,0.41,10,-17.137,0,0.3,0.00964,0.0359,0.0727,0.569,177.433,266560,4
2,0.953,0.744,6,-10.265,0,0.316,0.00343,8.72E-06,0.0355,0.774,118.996,302720,4
0,0.821,0.561,1,-9.873,0,0.261,0.015,0,0.296,0.594,90.926,297093,4
29,0.776,0.742,5,-4.289,0,0.0704,0.577,2.42E-05,0.0899,0.652,134.025,247227,4
20,0.761,0.81,2,-7.551,1,0.173,0.217,0,0.363,0.677,101.796,272360,4
8,0.435,0.767,10,-5.061,0,0.362,0.0889,0,0.303,0.462,160.169,182640,4
25,0.867,0.432,7,-7.466,1,0.188,0.0119,0,0.069,0.88,94.017,225319,4
60,0.593,0.776,0,-4.343,0,0.0325,0.216,2.94E-05,0.329,0.634,81.992,215457,4
12,0.768,0.556,1,-7.146,0,0.0739,0.0942,1.46E-05,0.107,0.239,155.075,237179,4
0,0.606,0.658,8,-6.872,1,0.0426,0.217,0,0.235,0.246,172.037,194361,4
10,0.847,0.72,7,-8.812,1,0.32,0.194,0,0.155,0.699,93.983,343640,4
44,0.645,0.647,7,-5.258,1,0.114,0.0467,0.0024,0.353,0.733,82.947,253333,4
3,0.789,0.66,8,-8.554,1,0.106,0.325,0,0.351,0.897,90.006,215947,4
13,0.888,0.622,1,-3.875,1,0.213,0.16,0,0.101,0.664,91.977,266707,4
8,0.677,0.868,7,-5.701,1,0.209,0.414,0,0.183,0.532,91.622,195000,4
15,0.757,0.685,1,-6.246,1,0.431,0.218,0,0.0893,0.241,177.991,229926,4
11,0.886,0.469,1,-10.486,1,0.393,0.0624,2.85E-06,0.144,0.687,93.522,302000,4
11,0.65,0.933,11,-4.684,0,0.0473,0.000959,0.727,0.103,0.858,128.876,441679,4
10,0.568,0.783,6,-6.829,0,0.232,0.0737,0,0.123,0.309,86.908,342853,4
36,0.896,0.619,8,-10.453,0,0.23,0.0236,0.211,0.0999,0.765,102.233,208200,4
1,0.706,0.609,9,-9.214,1,0.33,0.0891,0,0.137,0.536,110.94,166837,4
14,0.896,0.611,10,-8.708,0,0.0838,0.0081,0.000111,0.0449,0.874,91.042,252082,4
0,0.792,0.707,10,-7.253,1,0.0647,0.00714,0.000376,0.101,0.922,119.987,226331,4
38,0.591,0.95,11,-4.691,0,0.25,0.411,0,0.155,0.654,91.546,251103,4
9,0.649,0.764,1,-7.401,1,0.316,0.0415,0,0.0572,0.51,91.743,201773,4
27,0.907,0.613,6,-6.015,0,0.336,0.128,0,0.068,0.71,90.044,227787,4
63,0.723,0.802,1,-7.063,1,0.292,0.361,0,0.339,0.515,132.972,243429,4
19,0.876,0.662,2,-6.482,0,0.426,0.0608,0,0.127,0.844,75.445,163320,4
41,0.772,0.502,5,-8.103,0,0.0875,0.0489,0,0.325,0.366,128.038,300932,4
7,0.915,0.919,1,-5.25,1,0.493,0.00794,0,0.151,0.764,105.009,44360,4
2,0.75,0.904,8,-4.419,0,0.194,0.291,0,0.454,0.718,102.983,155723,4
25,0.717,0.895,11,-6.714,0,0.336,0.36,0.00245,0.589,0.747,96.419,301280,4
15,0.522,0.836,5,-4.653,0,0.048,0.538,0.00057,0.107,0.508,140.022,164532,4
11,0.597,0.636,10,-6.236,1,0.374,0.145,0,0.33,0.531,88.703,336562,4
20,0.74,0.841,6,-2.891,0,0.237,0.0232,0,0.111,0.673,83.007,248627,4
7,0.434,0.701,10,-2.8,0,0.206,0.294,0,0.0989,0.769,91.275,222213,4
12,0.824,0.41,5,-11.672,0,0.346,0.109,0,0.138,0.829,87.71,255178,4
5,0.881,0.653,1,-4.819,1,0.244,0.177,0,0.351,0.811,90.509,206280,4
50,0.833,0.705,6,-5.82,1,0.223,0.0531,1.00E-06,0.368,0.379,95.03,250493,4
2,0.695,0.873,4,-3.243,0,0.251,0.8,1.40E-05,0.824,0.974,96.128,92893,4
20,0.713,0.67,10,-3.145,1,0.091,0.0232,0,0.226,0.352,92.998,207480,4
17,0.735,0.784,11,-4.758,0,0.295,0.0201,0,0.65,0.763,170.535,332643,4
3,0.652,0.931,2,-4.885,0,0.266,0.127,0,0.224,0.554,144.046,207037,4
35,0.633,0.898,0,-4.507,1,0.0425,0.0127,0,0.182,0.688,127.971,220813,4
0,0.717,0.315,1,-12.831,1,0.122,0.209,0,0.113,0.0727,127.976,180048,4
26,0.607,0.579,6,-6.547,1,0.293,0.04,0,0.142,0.404,83.444,292627,4
34,0.785,0.537,7,-6.803,1,0.152,0.0241,0,0.0944,0.551,92.81,278200,4
36,0.86,0.826,2,-4.07,1,0.319,0.112,0,0.646,0.452,103.964,315227,4
3,0.888,0.544,9,-6.882,0,0.238,0.0282,0,0.211,0.868,106.07,193698,4
21,0.794,0.627,10,-7.489,1,0.202,0.744,4.35E-06,0.179,0.891,139.942,185736,4
14,0.731,0.887,10,-7.554,0,0.245,0.0881,0,0.707,0.435,126.972,257547,4
5,0.618,0.436,6,-11.785,0,0.0622,0.149,0,0.0654,0.851,140.006,193142,4
38,0.95,0.738,10,-9.504,0,0.323,0.113,0.000209,0.112,0.568,104.998,188735,4
48,0.583,0.643,9,-7.486,0,0.355,0.171,0,0.0395,0.7,195.685,244467,4
6,0.891,0.675,2,-6.892,1,0.152,0.111,0,0.275,0.562,127.012,217705,4
0,0.761,0.57,10,-14.742,0,0.129,0.184,0.00347,0.138,0.851,140.101,246837,4
0,0.804,0.507,10,-9.131,0,0.24,0.0138,0,0.1,0.759,92.369,197400,4
0,0.782,0.51,4,-5.724,0,0.0419,0.143,0,0.115,0.118,99.993,143375,4
18,0.593,0.776,0,-4.343,0,0.0325,0.216,2.94E-05,0.329,0.634,81.992,215457,4
0,0.66,0.407,9,-11.636,0,0.133,0.547,0,0.185,0.605,80.013,211093,4
6,0.782,0.832,1,-4.671,1,0.3,0.0347,0,0.0593,0.816,92.625,177667,4
39,0.922,0.75,9,-6.625,1,0.0419,0.00682,0.000281,0.0543,0.651,99.043,190867,4
6,0.76,0.683,2,-10.864,1,0.166,0.156,0,0.34,0.658,101.796,286960,4
20,0.631,0.747,2,-6.118,1,0.421,0.105,3.10E-06,0.13,0.657,94.216,334200,4
0,0.842,0.609,7,-11.129,1,0.0555,0.000289,0.462,0.0321,0.625,119.856,322867,4
17,0.725,0.813,7,-3.912,1,0.316,0.253,0,0.217,0.641,107.096,255074,5
0,0.704,0.701,2,-8.031,1,0.46,0.549,0,0.664,0.618,92.032,217507,4
6,0.687,0.815,0,-4.761,1,0.322,0.263,0,0.151,0.587,176.089,260307,4
29,0.598,0.457,9,-6.081,0,0.0602,0.661,0.000331,0.146,0.225,146.052,110886,4
34,0.443,0.73,10,-6.74,0,0.438,0.523,0,0.235,0.448,86.592,292973,4
43,0.564,0.776,6,-9.778,1,0.0851,0.00146,0.351,0.157,0.771,113.532,244160,4
13,0.703,0.463,0,-7.328,0,0.203,0.473,0.000415,0.107,0.774,90.503,210800,4
23,0.797,0.87,11,-4.214,1,0.251,0.13,0,0.0595,0.785,81.009,244040,4
47,0.811,0.587,8,-10.091,1,0.0872,0.0829,0,0.173,0.758,110.027,212727,4
8,0.59,0.765,7,-7.151,0,0.263,0.0172,0,0.13,0.483,80.135,251716,4
8,0.825,0.867,7,-4.499,1,0.305,0.266,0,0.0811,0.71,94.819,240840,4
12,0.451,0.632,8,-7.98,0,0.297,0.0114,0,0.198,0.234,132.89,232160,4
6,0.49,0.44,10,-7.76,1,0.353,0.00806,0.0011,0.186,0.0909,173.112,227533,4
30,0.679,0.72,4,-6.62,0,0.337,0.0156,0,0.352,0.518,94.231,247707,4
29,0.689,0.745,4,-4.229,0,0.234,0.0264,0,0.351,0.231,92.018,252227,4
13,0.751,0.373,10,-15.717,0,0.644,0.645,0,0.0998,0.567,94.577,242053,4
0,0.738,0.746,10,-9.794,0,0.0461,0.00711,0.511,0.35,0.396,99.378,350573,4
46,0.734,0.891,9,-3.076,0,0.259,0.115,0,0.434,0.702,121.031,242052,4
21,0.382,0.932,0,-4.499,1,0.206,0.145,5.26E-06,0.816,0.461,86.51,161692,4
32,0.671,0.815,7,-5.536,1,0.22,0.0347,0,0.182,0.621,169.991,224507,4
15,0.737,0.705,7,-6.231,1,0.24,0.0579,0,0.321,0.557,86.401,238840,4
1,0.674,0.615,6,-7.534,0,0.0495,0.0384,0,0.341,0.884,164.014,176675,4
11,0.591,0.619,7,-5.056,0,0.0901,0.0796,0,0.116,0.332,142.852,181259,4
34,0.78,0.72,8,-8.012,0,0.271,0.174,0,0.122,0.184,99.025,219320,4
9,0.575,0.567,1,-10.315,1,0.8,0.655,0,0.329,0.731,85.595,216160,4
0,0.499,0.809,4,-5.828,0,0.316,0.275,0,0.147,0.443,146.501,215227,4
0,0.604,0.909,1,-5.83,1,0.241,0.0617,2.95E-05,0.107,0.389,120.013,121234,4
5,0.74,0.613,8,-4.88,1,0.145,0.258,0.00372,0.123,0.473,75.023,166606,4
8,0.695,0.91,1,-2.275,1,0.171,0.114,0,0.3,0.837,90.073,225507,4
17,0.553,0.549,7,-8.527,0,0.301,0.153,0,0.124,0.382,192.071,236404,4
7,0.63,0.903,7,-5.883,1,0.155,0.001,0,0.33,0.355,94.849,241453,4
12,0.699,0.653,2,-6.248,1,0.297,0.03,0,0.174,0.101,89.878,175775,4
41,0.755,0.536,5,-9.643,0,0.181,0.0133,0,0.0794,0.656,87.088,223867,4
56,0.858,0.76,4,-7.895,0,0.254,0.0217,0,0.322,0.951,93.082,247613,4
40,0.758,0.785,1,-7.539,1,0.287,0.16,0,0.0641,0.797,92.186,238293,4
19,0.744,0.974,9,-6.087,1,0.09,0.0449,4.08E-05,0.0273,0.667,153.929,304360,4
37,0.784,0.468,9,-9.158,0,0.0715,0.185,0.00178,0.1,0.606,134.951,225053,4
13,0.718,0.673,7,-3.791,1,0.266,0.00503,0,0.126,0.69,159.963,239240,4
5,0.674,0.615,6,-7.534,0,0.0495,0.0384,0,0.341,0.884,164.014,176675,4
5,0.743,0.789,6,-5.336,0,0.301,0.0972,0.000104,0.14,0.333,93.99,182695,4
18,0.9,0.708,11,-6.957,0,0.054,0.00176,0.0129,0.0444,0.965,127.22,268547,4
7,0.604,0.882,0,-3.817,1,0.321,0.0341,0,0.249,0.687,77.445,216000,4
26,0.707,0.963,7,-2.81,1,0.318,0.00946,0,0.115,0.524,88.555,255164,4
25,0.779,0.414,7,-12.168,1,0.398,0.0431,7.12E-05,0.713,0.213,96.271,181627,4
19,0.721,0.642,10,-5.382,0,0.183,0.00189,0.000407,0.0439,0.587,89.55,292640,4
5,0.625,0.871,7,-4.049,1,0.15,0.335,0,0.195,0.799,84.388,253806,4
34,0.789,0.851,7,-5.716,1,0.312,0.17,0,0.114,0.579,115.97,263080,4
3,0.728,0.599,6,-11.624,0,0.237,0.195,0,0.367,0.696,90.776,237093,4
19,0.785,0.614,11,-8.639,1,0.257,0.054,0,0.236,0.652,79.501,281880,4
7,0.948,0.853,4,-10.949,0,0.276,0.156,0,0.0659,0.684,109.69,248200,4
16,0.843,0.753,1,-5.089,1,0.144,0.352,0,0.105,0.74,89.995,141688,4
22,0.706,0.747,9,-3.902,0,0.286,0.00533,0,0.204,0.505,95.549,270493,4
2,0.731,0.79,2,-4.214,1,0.0793,0.0429,0.186,0.0562,0.879,78.506,269240,4
6,0.475,0.874,7,-9.178,1,0.522,0.0287,0,0.812,0.681,163.263,169307,4
3,0.825,0.844,1,-6.152,1,0.262,0.24,0,0.35,0.822,94.96,194093,4
8,0.922,0.639,4,-5.369,0,0.235,0.0123,0.157,0.296,0.721,92.053,266520,4
41,0.838,0.829,5,-3.894,1,0.249,0.113,0,0.198,0.58,137.098,220846,4
15,0.538,0.667,1,-3.291,1,0.0494,0.321,0,0.213,0.21,94.028,195187,4
21,0.811,0.676,1,-8.323,1,0.266,0.0226,0,0.0663,0.588,89.93,205340,4
9,0.734,0.875,8,-4.034,1,0.331,0.49,1.86E-05,0.066,0.977,195.925,241263,4
12,0.767,0.941,0,-2.795,1,0.115,0.0993,1.34E-06,0.235,0.728,121.955,365613,4
2,0.644,0.812,0,-4.146,1,0.352,0.107,2.22E-06,0.774,0.428,103.336,315133,4
13,0.644,0.767,1,-5.289,1,0.223,0.0604,0,0.342,0.336,152.486,204373,4
61,0.914,0.318,7,-10.25,0,0.33,0.358,0,0.0853,0.669,136.057,270597,4
3,0.903,0.761,0,-6.719,0,0.219,0.0607,0.000134,0.112,0.873,95.019,351853,4
40,0.57,0.967,7,-2.55,1,0.295,0.0295,8.50E-05,0.223,0.767,163.828,250333,4
0,0.629,0.676,8,-4.435,1,0.334,0.0462,0,0.369,0.306,97.162,225573,4
65,0.467,0.826,4,-3.885,0,0.049,0.298,0,0.204,0.417,160.025,285250,4
13,0.77,0.924,6,-8.731,1,0.339,0.0548,0,0.533,0.793,100.934,196080,4
5,0.959,0.598,8,-5.534,1,0.0713,0.0358,0,0.358,0.408,127.029,213000,4
0,0.704,0.827,1,-6.914,1,0.327,0.172,0,0.14,0.434,120,233647,4
11,0.852,0.741,1,-5.435,0,0.134,0.0247,0.00108,0.0974,0.534,97.885,241360,4
6,0.583,0.732,0,-7.19,1,0.135,0.212,0,0.0594,0.69,170.798,250234,4
12,0.761,0.747,1,-6.472,1,0.289,0.222,0,0.365,0.909,94.202,192027,4
24,0.831,0.32,1,-9.293,0,0.0487,0.0648,2.86E-06,0.111,0.0689,122.007,251855,4
4,0.872,0.519,11,-6.531,1,0.177,0.203,0,0.108,0.154,95.006,175230,4
11,0.746,0.793,11,-4.107,0,0.323,0.141,0,0.149,0.354,92.445,254600,4
33,0.763,0.704,0,-4.69,1,0.0586,0.0067,1.18E-05,0.129,0.428,108.963,369320,4
0,0.861,0.58,8,-7.07,0,0.338,0.0188,2.22E-06,0.0767,0.805,157.875,153478,4
8,0.671,0.789,10,-6.244,0,0.339,0.263,0,0.126,0.813,96.095,163906,4
16,0.736,0.553,10,-10.688,0,0.333,0.134,0,0.0817,0.712,94.066,191693,4
29,0.471,0.415,2,-12.538,1,0.0329,0.106,0.554,0.557,0.266,87.714,155504,4
16,0.634,0.607,7,-7.881,0,0.0706,0.811,0,0.1,0.83,79.98,181890,4
0,0.903,0.516,8,-8.268,1,0.089,0.145,0.33,0.127,0.54,126.467,168854,4
1,0.661,0.879,1,-2.356,1,0.373,0.661,0,0.0612,0.696,172.024,184187,4
0,0.748,0.706,8,-4.763,1,0.0412,0.268,0.000204,0.0655,0.942,141.011,249627,4
41,0.722,0.568,7,-8.227,0,0.0293,0.198,0,0.0743,0.633,91.91,274387,4
11,0.707,0.686,1,-6.325,0,0.294,0.193,0,0.111,0.731,88.194,193493,4
2,0.734,0.635,10,-5.431,0,0.203,0.19,0,0.103,0.878,90.001,172030,4
40,0.736,0.828,11,-5.835,0,0.284,0.477,0,0.251,0.899,91.224,274938,4
19,0.712,0.568,9,-5.893,0,0.0379,0.745,0,0.109,0.584,117.98,215304,4
24,0.481,0.774,2,-4.528,1,0.0376,0.589,0,0.141,0.249,80.028,219841,4
5,0.665,0.96,6,-4.053,0,0.374,0.127,0,0.398,0.693,131.336,152593,5
43,0.796,0.621,0,-7.954,1,0.346,0.189,0,0.322,0.834,92.232,214600,4
38,0.368,0.527,5,-10.766,0,0.091,0.879,0.0139,0.112,0.602,69.985,247700,3
8,0.733,0.648,0,-4.531,1,0.0868,0.501,0,0.0905,0.839,140.143,222333,4
6,0.873,0.793,1,-5.901,0,0.049,0.00311,0.00517,0.0756,0.293,116.366,516310,4
0,0.623,0.518,8,-5.929,0,0.327,0.044,0.000177,0.0715,0.657,80.804,271987,4
14,0.677,0.541,9,-8.883,0,0.0563,0.0198,0,0.337,0.438,110.69,228525,4
33,0.676,0.784,11,-3.855,0,0.265,0.00141,0,0.122,0.0542,97.059,279588,4
10,0.78,0.646,7,-9.791,1,0.428,0.116,0,0.0786,0.89,94.621,220520,4
0,0.531,0.513,11,-6.162,1,0.0625,0.663,0,0.634,0.802,98.287,118867,4
43,0.732,0.709,10,-4.145,0,0.147,0.0723,0,0.0859,0.529,136.047,210651,4
24,0.634,0.904,9,-3.821,1,0.292,0.205,0,0.0805,0.784,87.925,265590,4
7,0.87,0.955,8,-1.931,1,0.0541,0.0837,4.03E-05,0.203,0.608,118.992,209779,4
2,0.557,0.735,7,-7.241,1,0.235,0.495,0,0.663,0.466,81.691,123987,4
28,0.826,0.685,1,-8.584,1,0.451,0.0145,0,0.341,0.682,87.378,160456,4
21,0.903,0.635,2,-9.541,1,0.267,0.0964,7.17E-06,0.238,0.652,91.015,252840,4
8,0.819,0.666,4,-6.294,0,0.277,0.00197,0,0.125,0.435,177.389,263267,4
14,0.79,0.931,7,-6.997,1,0.249,0.458,3.36E-05,0.911,0.514,108.428,183427,4
0,0.578,0.562,4,-7.22,0,0.186,0.0015,0,0.357,0.333,140.018,192960,4
41,0.488,0.864,0,-5.849,1,0.384,0.00297,3.38E-06,0.0945,0.327,115.664,225387,5
46,0.488,0.583,3,-11.469,1,0.374,0.756,0,0.197,0.144,89.833,300187,4
14,0.65,0.9,1,-4.099,0,0.374,0.0252,0,0.176,0.659,89.788,206493,4
16,0.792,0.539,7,-11.228,0,0.336,0.0777,0,0.0696,0.738,99.513,233787,4
11,0.659,0.538,11,-11.215,0,0.797,0.169,0,0.107,0.239,121.026,197333,5
21,0.723,0.665,5,-8.711,0,0.177,0.0185,0,0.305,0.742,88.035,227240,4
2,0.65,0.941,0,-3.867,0,0.176,0.223,0,0.502,0.775,90.016,205140,4
59,0.652,0.671,4,-5.376,0,0.315,0.00402,2.89E-05,0.598,0.518,159.963,208387,4
40,0.37,0.418,2,-11.81,0,0.0914,0.511,0,0.312,0.477,60.597,241634,4
28,0.763,0.785,10,-6.472,0,0.23,0.0146,0.0113,0.0817,0.506,93.857,325507,4
0,0.702,0.474,6,-11.898,0,0.448,0.00978,0,0.0773,0.702,73.008,184133,4
0,0.774,0.773,2,-8.533,1,0.333,0.0727,0.104,0.105,0.844,85.65,197267,4
38,0.826,0.49,9,-9.459,0,0.0985,0.196,1.60E-06,0.0504,0.179,119.93,251867,4
33,0.458,0.479,4,-6.861,0,0.326,0.175,8.12E-05,0.0916,0.081,87.017,222817,4
20,0.565,0.738,3,-6.612,0,0.384,0.124,0,0.486,0.762,127.088,202920,5
12,0.761,0.722,7,-4.343,1,0.391,0.12,0,0.0649,0.798,92.45,246753,4
33,0.759,0.782,11,-6.975,0,0.0741,0.000589,0,0.35,0.507,131.04,352853,4
5,0.796,0.902,11,-6.235,1,0.146,0.00201,0,0.153,0.633,101.666,322815,4
42,0.592,0.51,7,-7.271,1,0.49,0.2,4.95E-06,0.201,0.564,84.93,230387,4
56,0.482,0.696,0,-6.646,0,0.089,0.285,2.03E-06,0.115,0.655,183.932,230431,4
17,0.74,0.804,6,-9.467,0,0.0679,0.0185,4.81E-05,0.0455,0.925,92.488,294547,4
25,0.86,0.505,0,-7.686,1,0.25,0.322,0,0.295,0.61,112.363,214038,4
8,0.865,0.633,0,-7.023,0,0.107,0.0305,0,0.136,0.31,110.051,212213,4
23,0.725,0.635,7,-4.831,1,0.238,0.00529,0,0.0484,0.724,160.037,242267,4
0,0.517,0.747,6,-4.74,0,0.295,0.0189,7.32E-06,0.0821,0.506,102.033,171980,4
7,0.838,0.474,10,-12.115,0,0.464,0.341,0,0.217,0.821,90.598,249653,4
7,0.603,0.636,5,-5.379,0,0.262,0.903,0,0.104,0.761,124.098,112893,3
19,0.765,0.649,11,-8.062,0,0.317,0.0196,2.98E-05,0.0651,0.805,179.926,275133,4
14,0.831,0.443,7,-9.777,1,0.421,0.209,0,0.119,0.773,93.005,315080,4
51,0.472,0.937,9,-5.464,1,0.0639,0.375,0.000101,0.325,0.324,179.999,246726,4
21,0.767,0.623,10,-8.525,0,0.451,0.000336,0.0133,0.0932,0.865,179.168,327427,4
7,0.809,0.516,1,-8.724,1,0.102,0.111,0,0.172,0.455,143.262,274680,4
27,0.915,0.559,8,-10.213,1,0.319,0.00129,8.07E-06,0.0565,0.489,129.973,118154,4
1,0.652,0.809,5,-5.276,1,0.17,0.164,0,0.175,0.512,94.786,254466,4
29,0.711,0.749,6,-3.956,0,0.0842,0.00351,0,0.104,0.332,140.009,260577,4
0,0.773,0.557,1,-7.852,1,0.357,0.0229,0,0.565,0.328,92.148,97067,4
2,0.572,0.867,11,-5.842,0,0.311,0.095,0,0.051,0.882,93.914,207413,4
11,0.642,0.658,11,-6.997,0,0.333,0.184,1.50E-06,0.536,0.185,89.201,197867,4
5,0.64,0.71,6,-7.111,0,0.353,0.00759,0,0.151,0.962,93.562,262933,4
11,0.53,0.518,3,-8.643,0,0.293,0.217,0,0.157,0.374,129.948,312613,4
22,0.888,0.62,10,-8.249,1,0.0654,0.604,0.00197,0.264,0.588,124.984,170880,4
12,0.665,0.702,2,-11.549,0,0.118,0.125,0,0.0753,0.565,83.981,265009,4
47,0.911,0.608,4,-5.438,0,0.249,0.283,1.34E-06,0.113,0.652,100.013,194168,4
20,0.712,0.699,7,-9.162,1,0.0727,0.246,0,0.21,0.403,105.083,249574,4
4,0.784,0.582,7,-6.892,0,0.16,0.214,0,0.0993,0.574,90.033,236333,4
22,0.608,0.669,10,-8.93,0,0.139,0.058,0,0.357,0.504,83.396,209000,4
10,0.456,0.859,0,-3.574,1,0.124,0.548,0,0.0675,0.372,87.951,296240,5
1,0.797,0.748,7,-6.474,1,0.267,0.254,0,0.1,0.385,92.973,300947,4
5,0.584,0.599,9,-8.661,0,0.2,0.0269,1.88E-05,0.372,0.392,99.859,173227,4
11,0.764,0.775,7,-8.657,1,0.329,0.308,0,0.395,0.69,89.948,289173,4
54,0.857,0.697,7,-8.682,1,0.355,0.13,0,0.0726,0.851,130.045,147692,4
13,0.737,0.89,4,-8.443,1,0.158,0.0056,0.00172,0.0801,0.809,105.857,262800,4
24,0.527,0.686,4,-7.412,1,0.0368,0.498,0.000256,0.122,0.385,127.703,254399,4
16,0.904,0.623,6,-4.969,0,0.358,0.175,0,0.0863,0.803,90.061,194053,4
11,0.859,0.772,7,-8.67,1,0.306,0.00714,0,0.0463,0.776,91.5,226800,4
6,0.735,0.82,6,-6.023,0,0.294,0.00397,4.37E-06,0.14,0.79,92.013,254800,4
0,0.584,0.821,1,-4.941,1,0.422,0.0897,0,0.576,0.702,87.637,257448,4
62,0.488,0.585,5,-4.39,0,0.0263,0.664,0,0.386,0.399,143.96,161763,4
12,0.818,0.746,0,-5.99,0,0.399,0.122,0,0.0821,0.816,94.637,167987,4
48,0.864,0.482,10,-5.223,1,0.337,0.291,0,0.278,0.873,95.941,156801,4
0,0.637,0.738,7,-6.759,1,0.151,0.653,0.00046,0.385,0.389,92.007,288120,4
0,0.741,0.661,1,-5.94,0,0.283,0.404,0,0.0592,0.884,91.081,261053,4
11,0.737,0.824,1,-4.873,1,0.197,0.249,0,0.602,0.653,93.964,142707,4
46,0.731,0.887,10,-7.554,0,0.245,0.0881,0,0.707,0.435,126.972,257547,4
29,0.645,0.771,1,-5.331,1,0.263,0.0525,0,0.345,0.378,152.45,204373,4
10,0.628,0.843,2,-6.886,0,0.238,0.513,0,0.192,0.72,90.234,214333,4
1,0.626,0.674,0,-3.642,0,0.0491,0.37,0,0.299,0.586,117.893,231453,4
41,0.743,0.646,7,-7.796,0,0.0744,0.155,0,0.461,0.592,91.101,203813,4
2,0.533,0.878,10,-5.538,0,0.406,0.581,0,0.541,0.558,99.537,221653,4
8,0.623,0.594,5,-7.766,0,0.0418,0.55,0,0.179,0.363,100.038,250200,4
2,0.843,0.709,9,-6.972,0,0.0942,0.00152,0,0.107,0.303,118.984,247867,4
9,0.566,0.698,5,-5.821,0,0.462,0.182,0,0.665,0.753,92.848,257267,4
41,0.76,0.785,1,-6.955,1,0.0626,0.071,0,0.124,0.366,130.038,324693,4
17,0.86,0.901,2,-4.796,1,0.149,0.0366,0,0.138,0.693,121.066,258256,4
1,0.764,0.87,10,-4.128,0,0.198,0.103,7.33E-05,0.414,0.55,91.976,185500,4
0,0.703,0.745,9,-3.9,0,0.285,0.0055,0,0.218,0.47,95.48,273120,4
49,0.658,0.772,8,-3.317,1,0.431,0.0443,0,0.0933,0.0431,91.529,224576,4
9,0.811,0.852,11,-6.6,0,0.185,0.27,1.71E-06,0.419,0.683,101.38,277000,4
5,0.61,0.784,3,-5.969,0,0.118,0.538,0,0.119,0.474,194.069,214000,4
8,0.586,0.794,7,-7.047,1,0.367,0.0555,0,0.666,0.782,158.423,222279,4
37,0.523,0.947,7,-2.6,1,0.258,0.163,0,0.451,0.653,190.013,237552,4
21,0.837,0.749,11,-4.262,1,0.278,0.161,0,0.306,0.874,99.996,177573,4
8,0.585,0.653,4,-7.09,0,0.221,0.0755,0,0.126,0.178,79.977,191136,4
13,0.513,0.826,10,-3.651,0,0.132,0.106,0,0.0675,0.89,76.91,265027,1
24,0.624,0.473,11,-9.684,0,0.396,0.67,0,0.113,0.591,92.909,206509,4
23,0.814,0.701,7,-7.525,1,0.0376,0.0103,0.00775,0.132,0.786,114.998,465048,4
21,0.699,0.728,4,-3.484,0,0.376,0.0248,0,0.0423,0.909,119.288,220920,5
9,0.708,0.655,2,-8.141,0,0.363,0.0146,2.75E-06,0.287,0.385,74.944,291173,4
0,0.612,0.919,11,-5.148,0,0.326,0.397,0,0.182,0.695,99.821,201600,4
0,0.515,0.546,5,-9.105,1,0.25,0.814,4.50E-06,0.0995,0.515,78.274,271733,4
18,0.49,0.821,7,-5.749,0,0.387,0.278,0,0.493,0.421,74.937,230870,4
11,0.465,0.667,1,-9.905,0,0.336,0.000439,0,0.0327,0.462,85.65,219440,4
5,0.919,0.547,1,-8.797,1,0.207,0.0224,0.000209,0.0733,0.607,148.91,171018,4
3,0.912,0.701,8,-4.154,1,0.0744,0.108,0,0.0415,0.389,94.958,199947,4
18,0.614,0.738,3,-7.31,0,0.265,0.554,0,0.126,0.546,79.934,201116,4
0,0.747,0.705,8,-4.763,1,0.0412,0.268,0.000198,0.0655,0.942,141.011,249627,4
7,0.484,0.735,5,-12.442,0,0.0516,0.105,0.702,0.823,0.187,129.807,175920,4
2,0.867,0.645,4,-8.351,0,0.286,0.163,0,0.164,0.891,140.029,308053,4
30,0.886,0.863,6,-3.839,0,0.2,0.626,0,0.332,0.738,90.942,305653,4
15,0.761,0.789,1,-5.013,0,0.3,0.0066,0,0.0645,0.776,99.063,210973,4
29,0.711,0.839,6,-5.438,0,0.247,0.138,0,0.86,0.795,98.225,219000,4
0,0.547,0.749,2,-7.438,1,0.188,0.00248,0,0.0901,0.198,147.68,219001,3
3,0.806,0.757,11,-8.146,0,0.281,0.21,0,0.751,0.74,104.031,316000,4
52,0.718,0.551,9,-9.646,1,0.377,0.174,0,0.126,0.235,130.163,180000,4
53,0.731,0.909,4,-3.106,0,0.235,0.146,0,0.0408,0.663,133.01,199398,4
18,0.737,0.796,10,-9.644,0,0.0838,0.00732,0.000336,0.0979,0.426,115.298,421400,4
53,0.694,0.365,1,-12.294,0,0.0635,0.054,3.43E-05,0.401,0.693,80.904,204133,4
12,0.588,0.685,7,-5.823,1,0.242,0.261,0,0.119,0.379,142.546,178495,4
16,0.795,0.689,6,-7.875,0,0.158,0.0863,0,0.361,0.635,97.082,210627,4
1,0.726,0.664,6,-7.093,0,0.162,0.528,2.28E-06,0.096,0.923,149.995,241215,4
10,0.798,0.629,6,-5.8,0,0.272,0.0876,0,0.0914,0.712,93.023,284000,4
9,0.563,0.0301,7,-7.556,0,0.347,0.175,0,0.323,0.947,95.432,770453,4
0,0.507,0.908,1,-6.93,1,0.495,0.0393,6.54E-05,0.323,0.755,172.414,265893,4
29,0.766,0.556,6,-5.583,0,0.078,0.361,0,0.105,0.588,90.021,170710,4
28,0.649,0.541,5,-7.228,1,0.341,0.00645,7.49E-05,0.398,0.507,178.451,234133,4
13,0.753,0.615,1,-8.409,1,0.329,0.00523,0,0.238,0.409,154.061,189467,4
45,0.747,0.715,0,-7.81,1,0.0332,0.575,0.846,0.116,0.636,133.998,190000,4
6,0.848,0.54,10,-12.057,0,0.325,0.188,0,0.12,0.961,96.98,232587,4
28,0.801,0.963,10,-7.748,0,0.285,0.126,7.62E-05,0.132,0.348,95.028,255747,4
41,0.73,0.608,9,-6.417,0,0.295,0.301,0,0.207,0.753,84.555,249840,4
1,0.825,0.725,6,-4.145,1,0.204,0.0852,4.27E-06,0.251,0.704,89.872,277867,4
6,0.475,0.804,2,-6.756,1,0.389,0.044,0,0.156,0.387,174.147,269186,4
28,0.899,0.448,1,-8.789,1,0.0738,0.000692,2.36E-05,0.365,0.302,145.975,204787,4
8,0.831,0.79,1,-4.714,0,0.165,0.0024,0,0.0515,0.791,93.136,262827,4
13,0.641,0.844,8,-6.945,1,0.54,0.59,0,0.8,0.888,83.273,255588,4
1,0.499,0.809,4,-5.828,0,0.316,0.275,0,0.147,0.443,146.501,215227,4
5,0.705,0.348,7,-6.58,1,0.0359,0.58,3.01E-05,0.141,0.365,120.006,210975,4
9,0.662,0.487,9,-11.519,0,0.297,0.53,9.91E-06,0.11,0.293,159.873,159000,4
10,0.846,0.651,7,-5.481,0,0.128,0.634,0,0.125,0.581,140.048,223921,4
16,0.713,0.712,1,-7.855,1,0.215,0.533,2.00E-05,0.217,0.685,116.056,240964,4
39,0.62,0.898,6,-4.01,1,0.274,0.276,0,0.284,0.683,151.119,307280,4
13,0.698,0.809,5,-5.835,1,0.226,0.668,0,0.136,0.8,92.032,230933,4
38,0.862,0.639,10,-14.938,0,0.0917,0.376,0.0702,0.162,0.469,111.839,318680,4
9,0.639,0.621,8,-9.981,0,0.403,0.847,0.0208,0.343,0.6,92.582,236227,4
15,0.629,0.612,11,-8.966,0,0.108,0.0462,0.848,0.722,0.448,179.799,247374,4
8,0.791,0.97,5,-2.996,0,0.186,0.273,0,0.0552,0.945,136.008,142680,4
18,0.692,0.931,1,-2.401,1,0.499,0.0984,0,0.072,0.686,126.775,247573,5
7,0.472,0.686,6,-6.905,1,0.392,0.131,0,0.388,0.809,167.519,276126,4
10,0.705,0.54,1,-9.333,1,0.354,0.0591,0,0.242,0.699,179.349,257493,4
52,0.705,0.684,0,-5.759,1,0.145,0.0353,0,0.206,0.246,100.006,242507,4
54,0.78,0.66,8,-5.645,1,0.367,0.0351,1.62E-06,0.321,0.952,90.389,230666,4
59,0.826,0.698,11,-4.004,1,0.15,0.0177,0.00761,0.314,0.604,100.108,255693,4
16,0.901,0.391,9,-4.414,0,0.106,0.0533,0,0.102,0.76,100.013,219187,4
28,0.751,0.766,6,-3.46,0,0.149,0.314,0,0.209,0.848,90.061,261998,4
6,0.477,0.547,9,-16.77,1,0.666,0.0755,0,0.266,0.335,123.756,30627,3
0,0.633,0.882,1,-5.605,0,0.351,0.0148,0,0.101,0.575,178.733,287133,4
11,0.686,0.674,2,-6.214,1,0.323,0.017,0,0.0513,0.531,179.814,222080,4
8,0.771,0.566,4,-14.166,0,0.184,0.0641,0.000289,0.124,0.536,149.822,384560,4
34,0.729,0.901,11,-6.909,0,0.0845,0.166,0,0.307,0.541,139.977,317581,4
28,0.726,0.771,1,-4.501,1,0.262,0.00825,0,0.339,0.436,156.605,263360,4
4,0.653,0.777,5,-3.156,0,0.0635,0.276,1.80E-06,0.252,0.621,79.994,228288,4
12,0.669,0.694,11,-4.976,0,0.518,0.435,0,0.272,0.642,82.753,294400,4
7,0.495,0.566,7,-12.391,1,0.362,0.474,2.22E-05,0.183,0.381,150.867,243961,4
9,0.405,0.722,1,-5.005,1,0.27,0.33,0,0.363,0.399,66.958,136595,4
33,0.862,0.646,4,-7.216,0,0.26,0.0359,0,0.0363,0.658,97.998,236480,4
12,0.545,0.731,11,-6.081,1,0.325,0.652,0,0.441,0.805,79.469,192186,4
27,0.728,0.716,10,-10.252,0,0.226,0.586,0,0.11,0.72,119.128,241998,4
10,0.83,0.659,2,-8.869,1,0.365,0.0158,0,0.39,0.574,99.25,138359,4
52,0.549,0.613,0,-5.748,1,0.208,0.111,0,0.105,0.475,141.183,241702,4
7,0.676,0.899,11,-3.43,1,0.438,0.278,0,0.244,0.708,86.243,260076,4
0,0.616,0.816,0,-4.72,1,0.177,0.314,0,0.842,0.482,96.051,218467,4
38,0.811,0.665,1,-6.584,1,0.231,0.0228,3.50E-06,0.138,0.619,88.026,296542,4
52,0.483,0.693,0,-6.646,0,0.0908,0.285,2.27E-06,0.117,0.648,183.954,230431,4
31,0.607,0.422,10,-13.364,0,0.499,0.209,0,0.0839,0.563,130.47,226987,3
4,0.885,0.569,6,-13.816,1,0.356,0.0539,0.00166,0.11,0.54,95.035,241720,4
16,0.752,0.97,5,-4.167,1,0.0943,0.0556,1.21E-06,0.0999,0.537,119.97,270720,4
0,0.644,0.767,1,-5.289,1,0.223,0.0604,0,0.342,0.336,152.486,204373,4
16,0.706,0.807,8,-3.046,0,0.272,0.0217,0,0.279,0.648,92.915,196893,4
4,0.696,0.596,0,-8.91,0,0.39,0.0434,0.000111,0.0848,0.719,93.874,276627,4
16,0.79,0.595,10,-7.463,0,0.276,0.0578,0,0.296,0.63,92.266,230107,4
0,0.692,0.491,8,-13.206,1,0.0365,0.00488,0.764,0.358,0.652,88.067,212720,4
31,0.877,0.821,6,-6.966,1,0.141,0.0196,4.00E-06,0.187,0.858,107.889,227827,4
13,0.8,0.598,1,-8.012,1,0.0684,0.188,0,0.201,0.69,140.025,192000,4
45,0.722,0.578,10,-5.023,0,0.311,0.0248,0,0.0743,0.354,178.902,229169,4
13,0.431,0.775,6,-6.767,0,0.477,0.199,0,0.892,0.442,78.745,260598,4
3,0.768,0.613,6,-11.142,0,0.284,0.0393,4.98E-05,0.371,0.575,87.956,258347,4
6,0.489,0.663,11,-10.249,0,0.504,0.206,0,0.0972,0.746,79.554,275627,4
33,0.741,0.801,11,-4.84,1,0.275,0.147,2.73E-05,0.0821,0.561,193.911,294053,4
5,0.43,0.608,0,-6.671,0,0.126,0.143,0,0.201,0.262,181.407,101562,4
19,0.943,0.803,7,-3.972,0,0.182,0.334,0,0.106,0.836,101.368,264615,4
1,0.525,0.889,6,-4.367,1,0.317,0.289,0,0.388,0.733,85.472,240053,4
15,0.455,0.801,1,-6.343,0,0.476,0.0695,0,0.242,0.436,77.396,163267,4
14,0.606,0.907,10,-4.34,1,0.306,0.038,0,0.341,0.642,80.007,265440,4
6,0.809,0.581,0,-10.86,1,0.172,0.594,0,0.0805,0.702,100.017,258664,4
38,0.661,0.664,1,-7.004,1,0.793,0.0205,0,0.515,0.711,199.123,231947,4
0,0.892,0.295,5,-14.493,0,0.29,0.00266,0.00365,0.0483,0.757,131.333,169427,4
8,0.403,0.86,2,-6.018,1,0.389,0.0955,0,0.278,0.702,67.313,171681,3
11,0.708,0.884,1,-4.333,1,0.161,0.0727,0,0.345,0.791,105.022,180640,4
0,0.727,0.647,0,-8.515,0,0.102,0.246,0,0.0852,0.338,150.06,133493,4
0,0.769,0.462,6,-11.646,1,0.0453,0.359,0.000275,0.275,0.178,119.965,211766,4
3,0.656,0.833,11,-7.284,0,0.394,0.447,0,0.175,0.779,79.754,231000,4
0,0.737,0.796,10,-9.644,0,0.0838,0.00732,0.000336,0.0979,0.426,115.298,421400,4
12,0.573,0.82,11,-6.713,1,0.417,0.797,0,0.333,0.718,81.724,264360,4
12,0.675,0.679,6,-7.848,0,0.184,0.00483,2.38E-05,0.101,0.455,90.148,248000,4
1,0.732,0.878,11,-4.56,0,0.352,0.168,0,0.256,0.744,80.052,307427,4
44,0.557,0.894,10,-4.906,0,0.286,0.0926,0,0.111,0.552,74.991,205650,4
0,0.723,0.881,1,-10.849,1,0.365,0.48,0,0.228,0.66,91.904,181733,4
23,0.65,0.777,6,-10.331,0,0.335,0.0611,0,0.0822,0.624,91.377,291648,4
67,0.637,0.912,5,-3.123,1,0.308,0.352,0,0.0657,0.451,116.919,234852,4
0,0.539,0.742,0,-8.737,0,0.0877,0.131,0,0.266,0.749,128.017,238515,4
23,0.964,0.667,11,-12.965,1,0.153,0.0593,0,0.0493,0.627,121.166,289373,4
6,0.533,0.892,7,-7.362,1,0.33,0.875,0,0.638,0.668,93.235,272861,4
13,0.666,0.736,11,-5.639,0,0.254,0.149,0,0.141,0.471,83.785,331213,4
8,0.891,0.683,7,-9.064,1,0.24,0.109,2.40E-06,0.665,0.607,94.015,337373,4
11,0.661,0.727,11,-8.102,0,0.436,0.0627,0,0.114,0.826,88.499,235400,4
6,0.839,0.753,7,-6.875,1,0.187,0.114,0,0.108,0.501,89.936,292160,4
18,0.748,0.723,0,-4.72,0,0.166,0.17,0,0.124,0.457,82.013,271280,4
15,0.72,0.411,4,-14.292,0,0.0657,0.447,0,0.411,0.317,130.001,192601,4
6,0.65,0.413,2,-10.965,1,0.141,0.00372,0,0.429,0.282,157.99,233352,4
23,0.718,0.549,1,-6.208,1,0.0627,0.00542,0.739,0.191,0.374,79.967,229400,4
12,0.68,0.83,5,-3.922,0,0.0926,0.00167,0,0.382,0.636,102.919,310667,4
8,0.74,0.613,8,-4.88,1,0.145,0.258,0.00372,0.123,0.473,75.023,166606,4
20,0.791,0.664,1,-11.273,0,0.119,0.242,0,0.325,0.772,104.97,354667,4
0,0.535,0.365,6,-14.464,0,0.07,0.0459,0,0.0841,0.479,149.86,325799,4
14,0.915,0.833,10,-7.407,0,0.368,0.0626,0,0.362,0.758,96.988,128930,4
16,0.804,0.838,11,-5.512,0,0.225,0.262,0,0.245,0.912,93.298,231027,4
0,0.599,0.722,2,-4.789,1,0.334,0.0319,0,0.0564,0.297,94.337,235093,4
35,0.501,0.903,10,-11.192,0,0.0849,0.00974,0.051,0.34,0.767,114.505,234907,4
38,0.7,0.718,4,-7.763,1,0.375,0.00143,0.00568,0.353,0.279,77.087,227240,4
31,0.959,0.458,9,-10.388,1,0.289,0.195,0,0.0617,0.743,121.928,176066,4
52,0.75,0.68,1,-6.596,1,0.387,0.0422,6.34E-05,0.181,0.422,199.967,127227,4
6,0.867,0.505,4,-7.752,0,0.229,0.0364,0,0.244,0.836,82.999,270920,4
22,0.711,0.62,11,-10.174,0,0.211,0.0179,0,0.134,0.804,179.806,217627,4
1,0.517,0.747,6,-4.74,0,0.295,0.0189,7.32E-06,0.0821,0.506,102.033,171980,4
37,0.823,0.577,11,-10.688,0,0.391,0.245,0,0.11,0.41,116.04,405520,4
10,0.69,0.724,1,-5.532,1,0.114,0.0367,0,0.422,0.448,99.926,302987,4
8,0.727,0.912,4,-7.802,0,0.354,0.0901,0,0.286,0.483,155.933,173691,4
12,0.625,0.748,10,-7.718,0,0.745,0.589,0,0.426,0.759,89.024,209841,4
19,0.837,0.774,6,-8.707,1,0.265,0.0267,0,0.365,0.671,91.174,293627,4
10,0.815,0.548,2,-5.822,1,0.456,0.0723,0,0.0827,0.787,87.592,215027,4
13,0.833,0.915,2,-3.867,1,0.183,0.0695,0,0.149,0.875,101.048,168000,4
16,0.596,0.916,5,-4.368,0,0.385,0.134,0,0.0764,0.419,86.422,273680,4
11,0.699,0.625,9,-4.955,1,0.16,0.431,7.28E-06,0.102,0.764,90.026,320107,4
6,0.52,0.847,9,-5.3,1,0.427,0.272,0,0.325,0.799,177.371,302013,4
27,0.883,0.649,10,-5.485,0,0.232,0.0154,0,0.0426,0.521,93.961,283053,4
25,0.623,0.686,9,-7.086,0,0.0363,0.000307,0,0.0926,0.203,137.617,326613,4
50,0.685,0.458,1,-11.343,1,0.0617,0.0647,7.36E-05,0.0936,0.455,139.988,215095,4
7,0.896,0.618,11,-5.267,0,0.264,0.149,0,0.03,0.788,97.961,235241,4
22,0.794,0.822,10,-6.207,0,0.255,0.261,0,0.18,0.821,97.43,196800,4
6,0.747,0.844,4,-3.32,0,0.0711,0.38,0,0.227,0.399,113.327,195160,3
10,0.775,0.727,10,-6.17,0,0.196,0.19,0,0.603,0.7,92.989,262893,4
13,0.93,0.636,7,-6.846,1,0.294,0.0199,1.72E-05,0.0747,0.607,94.888,277093,4
15,0.584,0.942,1,-6.947,1,0.439,0.0371,0,0.382,0.47,99.456,220507,4
17,0.807,0.693,11,-5.483,1,0.424,0.19,0,0.326,0.77,85.825,261907,4
7,0.725,0.885,11,-6.677,1,0.176,0.34,4.54E-05,0.238,0.838,99.24,232213,4
36,0.501,0.666,6,-7.312,0,0.414,0.0596,0,0.123,0.392,163.925,243653,4
43,0.809,0.884,7,-4.061,1,0.227,0.149,0,0.17,0.566,112.024,229918,4
9,0.693,0.825,11,-6.13,0,0.364,0.215,0,0.37,0.768,95.88,229800,4
22,0.723,0.436,1,-6.653,1,0.219,0.1,0,0.0857,0.457,172.078,283429,4
42,0.853,0.54,6,-6.116,0,0.195,0.189,0,0.18,0.481,95.475,251307,4
9,0.712,0.861,5,-7.664,0,0.0394,0.00979,0,0.109,0.833,160.003,267733,4
1,0.899,0.642,2,-3.101,1,0.211,0.035,2.10E-06,0.28,0.543,91.927,228173,4
22,0.925,0.702,6,-1.914,1,0.0842,0.0231,0.000541,0.284,0.685,98.714,205000,4
14,0.637,0.718,0,-9.689,1,0.375,0.01,0.000877,0.0568,0.709,90.554,142200,1
24,0.679,0.689,1,-6.221,1,0.0671,0.0649,0,0.0824,0.378,89.996,257093,4
22,0.808,0.475,2,-8.636,1,0.287,0.483,0,0.279,0.405,140.028,245499,4
25,0.671,0.522,11,-12.255,1,0.361,0.206,0,0.126,0.196,88.269,207412,4
9,0.794,0.633,0,-6.156,1,0.0649,0.143,0,0.128,0.357,145.924,291893,4
32,0.818,0.8,7,-6.903,1,0.274,0.444,0.00192,0.0568,0.723,82.975,235360,4
0,0.62,0.713,11,-5.099,0,0.38,0.187,0,0.328,0.549,86.793,179800,4
17,0.635,0.834,7,-5.035,1,0.32,0.049,0,0.435,0.633,96.833,224013,4
0,0.744,0.633,9,-7.329,0,0.151,0.498,0,0.0918,0.742,99.892,254293,4
2,0.846,0.497,6,-10.174,0,0.419,0.146,0,0.0733,0.796,134.875,261321,4
0,0.747,0.817,5,-4.435,0,0.0409,0.572,0.00094,0.134,0.906,102.982,170835,4
22,0.798,0.724,9,-4.293,0,0.252,0.131,0,0.0766,0.601,97.376,246533,4
2,0.809,0.675,8,-5.807,1,0.243,0.232,0,0.0695,0.847,91.132,253213,4
46,0.793,0.395,1,-5.578,1,0.385,0.277,1.40E-05,0.109,0.128,76.984,213287,4
13,0.722,0.788,10,-7.203,0,0.22,0.0701,0,0.352,0.562,104.948,191333,4
20,0.747,0.858,9,-5.726,0,0.333,0.255,0,0.0966,0.576,95.013,277427,4
17,0.598,0.457,9,-6.081,0,0.0602,0.661,0.000331,0.146,0.225,146.052,110886,4
5,0.666,0.782,1,-6.211,1,0.303,0.00461,0,0.0977,0.361,176.367,272547,4
11,0.624,0.738,6,-4.952,1,0.188,0.285,0,0.702,0.764,145.92,197303,4
34,0.616,0.602,2,-9.373,1,0.256,0.126,0.0013,0.189,0.307,170.046,78000,4
9,0.718,0.655,8,-5.189,1,0.199,0.0134,0,0.0789,0.503,95.737,244068,4
19,0.691,0.817,6,-5.803,1,0.3,0.368,0,0.132,0.607,90.958,234053,4
0,0.764,0.453,6,-9.589,0,0.0516,0.786,0,0.548,0.591,110.993,313825,4
1,0.882,0.602,11,-5.554,1,0.245,0.0177,0,0.178,0.43,142.959,183011,4
10,0.835,0.588,11,-7.437,0,0.157,0.0225,0,0.0943,0.551,92.975,144523,4
26,0.603,0.985,7,-3.074,1,0.244,0.166,0,0.282,0.57,149.959,261099,4
0,0.798,0.545,1,-7.921,1,0.188,0.102,0,0.0683,0.509,94.221,201067,4
0,0.737,0.796,10,-9.644,0,0.0838,0.00732,0.000336,0.0979,0.426,115.298,421400,4
10,0.516,0.485,7,-10.074,0,0.0929,0.253,0,0.62,0.56,142.613,254067,4
6,0.748,0.387,0,-11.091,1,0.21,0.154,0,0.79,0.527,139.166,169718,4
43,0.939,0.518,6,-8.141,0,0.434,0.00164,0,0.108,0.514,129.096,194727,4
1,0.607,0.787,11,-8.077,0,0.413,0.177,0,0.135,0.605,78.666,272405,4
0,0.871,0.493,10,-7.558,0,0.161,0.0196,0,0.0926,0.489,90.012,258107,4
19,0.783,0.633,11,-6.983,0,0.291,0.0969,0.000994,0.154,0.913,100.428,174800,4
1,0.505,0.562,4,-10.897,1,0.0325,0.477,0.000131,0.121,0.384,127.612,255560,4
10,0.668,0.751,1,-3.915,1,0.0368,0.04,0,0.0718,0.464,149.911,205067,4
19,0.859,0.73,1,-7.225,1,0.234,0.0533,0,0.151,0.133,86.006,214213,4
2,0.722,0.564,0,-7.476,0,0.0668,0.0162,0.176,0.351,0.553,136.039,287187,4
1,0.724,0.894,0,-11.144,1,0.0471,0.304,0.745,0.0951,0.727,95.03,84267,4
58,0.752,0.723,5,-5.078,0,0.48,0.159,0,0.236,0.29,139.898,179260,4
19,0.683,0.976,8,-5.159,0,0.247,0.411,0,0.446,0.496,93.187,182101,4
32,0.914,0.809,9,-3.538,1,0.173,0.163,0,0.0719,0.966,140.105,276865,4
8,0.742,0.78,8,-5.092,1,0.125,0.397,1.66E-05,0.153,0.582,142.06,230609,4
48,0.607,0.606,0,-5.441,0,0.681,0.213,0,0.0853,0.292,79.881,141124,4
5,0.496,0.626,1,-7.086,1,0.416,0.0147,0,0.152,0.0916,178.12,298191,4
22,0.854,0.611,10,-5.639,0,0.114,0.126,1.16E-06,0.366,0.791,102.04,187733,4
14,0.583,0.721,2,-7.325,1,0.0804,0.0375,2.37E-06,0.217,0.601,118.613,213773,4
5,0.596,0.91,7,-3.203,1,0.115,0.0205,0,0.182,0.631,143.104,240099,4
9,0.881,0.678,10,-5.59,0,0.174,0.000804,0.000101,0.103,0.457,98.97,249680,4
15,0.941,0.547,10,-6.254,0,0.0591,0.0356,0,0.0934,0.526,133.01,215413,4
5,0.281,0.58,1,-6.654,1,0.0492,0.00426,0,0.324,0.0674,144.462,205222,4
0,0.679,0.595,9,-10.093,0,0.175,0.0611,0.0026,0.625,0.704,75.987,222973,4
7,0.765,0.473,5,-10.306,0,0.0404,0.524,0.513,0.102,0.227,89.98,226893,4
8,0.572,0.786,0,-5.76,1,0.043,0.0112,2.60E-05,0.0745,0.482,199.836,267320,4
8,0.661,0.458,8,-9.718,1,0.293,0.14,0,0.139,0.759,70.018,215144,4
5,0.654,0.917,7,-5.546,1,0.352,0.0556,0,0.0788,0.591,78.162,236600,4
5,0.624,0.723,1,-6.782,1,0.378,0.172,0,0.484,0.757,84.789,216933,4
8,0.612,0.864,1,-5.68,1,0.236,0.00136,0,0.129,0.608,190.025,254000,4
5,0.822,0.503,2,-11.844,0,0.33,0.554,0.0134,0.151,0.699,92.034,200817,4
16,0.623,0.728,9,-8.919,0,0.433,0.828,3.96E-05,0.196,0.53,88.9,250760,4
45,0.819,0.608,8,-6.374,1,0.0706,0.0465,0.0246,0.0801,0.176,140.06,232784,4
5,0.565,0.782,2,-4.187,0,0.34,0.448,0,0.0769,0.427,170.023,304667,4
20,0.784,0.671,10,-9.253,0,0.301,0.497,0,0.142,0.755,96.057,398867,4
9,0.81,0.689,8,-10.603,1,0.0599,0.516,0.000229,0.145,0.895,114.967,207377,4
6,0.702,0.383,11,-10.399,0,0.0797,0.364,0.000266,0.103,0.452,130.511,375211,4
28,0.772,0.555,2,-8.431,1,0.113,0.0625,0,0.238,0.622,105.007,236027,4
24,0.6,0.597,6,-8.8,1,0.162,0.12,0,0.0772,0.476,81.752,204693,4
10,0.598,0.444,5,-8.792,0,0.0593,0.343,0,0.185,0.302,113.953,272800,4
3,0.748,0.81,1,-4.867,1,0.311,0.121,0,0.213,0.591,99.176,314773,4
5,0.448,0.51,2,-8.38,1,0.327,0.153,9.47E-06,0.123,0.189,72.051,214528,4
1,0.761,0.899,10,-3.09,0,0.183,0.0137,0,0.0719,0.673,95.021,217587,4
14,0.733,0.789,6,-8.751,1,0.154,0.087,1.09E-06,0.189,0.856,125.297,42880,5
29,0.648,0.461,6,-5.247,1,0.0497,0.126,0.743,0.0974,0.545,171.312,152187,4
11,0.926,0.542,1,-5.064,1,0.293,0.135,0,0.0877,0.564,135.14,181929,4
0,0.956,0.538,1,-11.675,0,0.292,0.00813,4.51E-06,0.153,0.536,104.001,271347,4
15,0.708,0.472,7,-8.872,1,0.129,0.0244,0,0.891,0.627,85.009,205871,4
7,0.677,0.654,1,-6.711,1,0.269,0.182,0,0.117,0.494,149.914,233280,4
2,0.567,0.561,5,-7.044,0,0.403,0.326,0,0.125,0.886,170.908,271600,4
24,0.916,0.594,7,-6.404,1,0.321,0.0632,0,0.04,0.69,97.994,256987,4
9,0.777,0.42,10,-6.309,1,0.138,0.0401,3.24E-06,0.111,0.208,173.902,166627,4
10,0.679,0.848,11,-6.57,0,0.301,0.0285,0,0.205,0.486,188.275,272187,3
32,0.53,0.838,10,-6.905,0,0.351,0.348,0,0.0721,0.572,77.755,300067,4
2,0.624,0.766,9,-6.31,1,0.396,0.00494,0,0.107,0.714,91.727,262640,4
0,0.46,0.697,6,-5.954,0,0.325,0.0186,0,0.362,0.701,153.426,202120,4
16,0.7,0.598,2,-7.783,1,0.114,0.0369,0,0.111,0.594,160.041,228453,4
34,0.687,0.796,7,-6.713,1,0.168,0.0989,2.31E-05,0.398,0.37,94.623,211867,4
11,0.361,0.928,2,-2.664,0,0.362,0.0448,0,0.12,0.84,86.698,230740,4
0,0.731,0.978,4,-7.661,1,0.0705,0.000807,0.0197,0.0881,0.489,133.983,295987,4
6,0.881,0.968,6,-4.651,1,0.221,0.169,0.37,0.443,0.729,107.519,222880,4
11,0.721,0.662,7,-8.136,1,0.403,0.0888,0,0.178,0.68,94.191,285947,4
0,0.557,0.497,1,-7.03,0,0.0702,0.00622,0,0.0938,0.187,139.947,191983,4
15,0.578,0.678,8,-8.585,0,0.393,0.842,0.0139,0.342,0.548,92.598,232280,4
5,0.542,0.744,6,-7.1,1,0.376,0.0465,0,0.194,0.378,82.743,208467,4
33,0.908,0.587,9,-7.339,1,0.103,0.000357,4.87E-05,0.0779,0.387,150.008,177640,4
40,0.633,0.812,1,-7.379,1,0.405,0.0406,0,0.366,0.623,77.547,280008,4
0,0.888,0.561,7,-9.191,1,0.295,0.0241,0.000403,0.103,0.253,133.001,231600,4
1,0.762,0.806,10,-15.288,0,0.23,0.374,0,0.237,0.754,90.058,217373,4
10,0.712,0.498,11,-8.97,1,0.072,0.177,3.82E-05,0.101,0.567,80.984,238165,4