uri,title,popularity,base_popularity,danceability,energy,key,loudness,mode,speechiness,acousticness,instrumentalness,liveness,valence,tempo,duration_ms,time_signature
4fzsfWzRhPawzqhX8Qt9F3,Stronger,83,94.0,0.617,0.717,10,-7.858,0,0.153,0.00564,0,0.408,0.49,103.992,311867,4
5uES1C2NgkdrNHiCwf9jRr,Baby Love,68,66.0,0.595,0.643,5,-9.275,1,0.0365,0.76,0,0.538,0.73,135.633,158040,4
6QXtKi4TVe1458QNodE3cs,Poncho & Lefty,57,57.0,0.636,0.277,1,-14.185,1,0.0306,0.784,0,0.234,0.685,133.363,220573,4
3HWzoMvoF3TQfYg4UPszDq,Truth Hurts,78,76.0,0.715,0.624,4,-3.046,0,0.114,0.11,0,0.123,0.412,158.087,173325,4
6MrILERJLA3Jcq0E9poZsp,Without You,69,63.0,0.381,0.186,4,-15.477,1,0.029,0.613,2.75e-06,0.0694,0.142,65.058,201000,4
2DnJjbjNTV9Nd5NOa1KGba,You're so Vain,75,64.0,0.659,0.678,0,-8.18,1,0.0313,0.157,6.69e-06,0.0784,0.647,106.186,258411,4
7o9uu2GDtVDr9nsR7ZRN73,Time After Time,75,72.0,0.726,0.449,0,-9.206,1,0.0286,0.487,1.34e-06,0.0824,0.294,130.388,241333,4
0KzAbK6nItSqNh8q70tb0K,Where Is My Mind?,72,72.0,0.513,0.442,4,-13.529,1,0.0343,0.00731,0.000838,0.0878,0.243,81.201,229227,4
3mZ33QYHWylbabTz82rHwj,So What,38,65.0,0.505,0.189,2,-16.352,1,0.0363,0.785,0.00974,0.112,0.236,137.378,544667,4
0bVtevEgtDIeRjCJbK3Lmv,Welcome To The Jungle,79,81.0,0.447,0.954,8,-8.069,1,0.0751,0.0235,0.403,0.298,0.331,123.453,272027,4
0F7FA14euOIX8KcbEturGH,Old Town Road,79,91.0,0.907,0.53,1,-6.112,1,0.127,0.0578,2.23e-06,0.101,0.507,135.998,113000,4
1KdwPeY1WRWQGHCmRJTveb,Cannonball,67,55.0,0.502,0.758,3,-9.76,1,0.0407,0.00915,0.783,0.284,0.729,112.499,213693,4
2r7BPog74oaTG5shNYiUnV,House Of Balloons / Glass Table Girls - Original,58,96.0,0.662,0.511,0,-8.419,1,0.0342,0.00237,0.0036,0.275,0.228,88.989,407316,4
48EjSdYh8wz2gBxxqzrsLe,Cranes in the Sky,66,64.0,0.719,0.615,6,-5.972,1,0.045,0.408,0.000147,0.235,0.465,96.988,250973,4
3uqinR4FCjLv28bkrTdNX5,A Milli,66,89.0,0.674,0.695,6,-8.636,0,0.278,0.0387,0.00202,0.194,0.773,151.486,221840,4
16EMONl2vH3rt9f4ehTG8g,212,71,60.0,0.846,0.772,11,-5.735,0,0.259,0.0123,0.000106,0.0769,0.622,125.998,204957,4
3mwvKOyMmG77zZRunnxp9E,Buddy Holly,74,75.0,0.556,0.92,8,-4.606,1,0.0367,0.00271,0.00021,0.117,0.771,121.138,159227,4
6b6IMqP565TbtFFZg9iFf3,"I Can't Help Myself (Sugar Pie, Honey Bunch)",73,65.0,0.667,0.599,0,-8.894,1,0.0291,0.245,0,0.107,0.971,127.935,160280,4
0SiywuOBRcynK0uKGWdCnn,Bad Romance,83,87.0,0.696,0.921,0,-3.755,1,0.0363,0.00314,5.24e-05,0.0842,0.714,119.001,294573,4
1TrGdXSgiBm8W68D2K1COG,Cross Road Blues,54,49.0,0.675,0.311,9,-11.959,1,0.0525,0.93,0.000261,0.102,0.638,97.159,149560,4
3yNVfRQlUPViUh8O2V9SQn,Just a Friend,63,53.0,0.862,0.663,0,-9.004,1,0.21,0.12,0,0.318,0.837,85.308,238267,4
5u6y4u5EgDv0peILf60H5t,Oye Como Va,68,73.0,0.736,0.379,7,-13.208,1,0.0539,0.301,0.345,0.104,0.948,128.399,256933,4
6o2g1BJvtYQssH84kBYs7y,Back That Azz Up,69,69.33333333333333,0.874,0.714,7,-6.664,1,0.129,0.0155,0,0.0968,0.541,95.826,265600,4
1GVnAD8Iz45rux6EC657Yv,Our Lips Are Sealed - Single Version,63,57.0,0.608,0.864,8,-7.101,1,0.0522,0.0444,2.95e-06,0.0341,0.947,131.208,167960,4
4mLo5ouQ9giUdWSAOtn5TK,Sunday Mornin' Comin' Down,48,64.0,0.523,0.284,9,-14.147,1,0.0379,0.524,8.96e-05,0.114,0.486,79.527,270800,4
51q3nDYWAqPY4hlgKEbP6j,Rhythm Nation,50,69.0,0.632,0.928,1,-8.345,1,0.0604,0.0541,0.106,0.519,0.703,109.098,330933,4
0MHXrqn909p0LRTPsNsGEi,Move on Up,71,63.0,0.538,0.969,11,-5.626,0,0.0906,0.417,0.00154,0.119,0.928,138.652,165790,4
6xatfNMI8NkY5XxRHAeiS4,Stand By Your Man,60,56.0,0.517,0.246,9,-11.992,1,0.0308,0.788,0.00105,0.133,0.525,105.24,159760,4
6vZZtivPrtpggT5SSXsYTy,Solsbury Hill,71,66.0,0.678,0.631,11,-8.624,1,0.0301,0.355,0.000268,0.376,0.463,102.378,261560,1
4mn2kNTqiGLwaUR8JdhJ1l,House of the Rising Sun,76,67.0,0.316,0.484,9,-9.11,0,0.0308,0.000334,0.00445,0.0912,0.299,117.363,269907,3
7MF7QAodbGzNYav5ZfIhAY,Midnight Train to Georgia,73,62.0,0.595,0.379,10,-12.058,0,0.0454,0.271,2.81e-05,0.1,0.448,92.006,279333,4
7rqaqQurHzR5xHAhdm1gmM,Goodbye Earl,64,68.0,0.705,0.7,0,-7.38,1,0.0295,0.0192,0,0.0755,0.765,122.841,258640,4
1LzNfuep1bnAUR9skqdHCK,Fade Into You,75,65.0,0.42,0.33,9,-13.925,1,0.0275,0.245,0.000679,0.0677,0.175,157.143,295600,3
0MKGH8UMfCnq5w7nG06oM5,Come As You Are,70,83.0,0.5,0.824,4,-5.846,0,0.0388,0.00016,0.00161,0.0916,0.539,120.125,218920,4
3nFJbZCHP4d9vduKjJLdBL,Never Too Much,72,67.0,0.734,0.586,2,-11.866,1,0.129,0.125,0,0.0367,0.762,109.933,230467,4
2Foc5Q5nqNiosCNqttzHof,Get Lucky (feat. Pharrell Williams & Nile Rodgers) - Radio Edit,80,77.66666666666667,0.794,0.811,6,-8.966,0,0.038,0.0426,1.07e-06,0.101,0.862,116.047,248413,4
0tVzXGFyNPusa1VkHmYDLd,Help Me,55,68.0,0.579,0.536,9,-10.035,0,0.0388,0.484,5.4e-05,0.0937,0.67,81.868,204320,4
2Mr1bGI2E10K7Mt1UJZ6Mw,Boom Boom,62,59.0,0.441,0.455,10,-14.207,1,0.0485,0.62,0.00187,0.135,0.918,160.9,152351,4
3lh3iiiJeiBXHSZw6u0kh6,Into the Mystic - 2013 Remaster,73,74.0,0.608,0.524,8,-10.266,1,0.0309,0.367,0.00254,0.115,0.797,86.204,205613,4
6eLL7QTdMWdhhG4i3jHDR9,Crying,61,68.0,0.35,0.293,2,-9.502,1,0.0258,0.758,8.21e-06,0.104,0.162,96.685,166467,4
0TmNykjoKoJLnpZdbVsoip,Ku Klux Klan,48,56.0,0.738,0.505,9,-12.211,0,0.227,0.0145,0,0.044,0.811,130.371,214107,4
1oaaSrDJimABpOdCEbw2DJ,No Ordinary Love,68,71.0,0.629,0.364,11,-12.259,0,0.038,0.467,0.0204,0.0941,0.701,166.266,440467,4
5NTZM8YYeKM2YsGSffVIge,Loser,68,68.0,0.615,0.616,6,-10.39,0,0.133,0.0399,0.000129,0.348,0.836,170.776,235000,4
37ZJ0p5Jm13JPevGcx4SkF,Livin' On A Prayer,84,80.0,0.532,0.887,0,-3.757,1,0.0335,0.0778,0.000214,0.294,0.795,122.511,249293,4
3BJe4B8zGnqEdQPMvfVjuS,Summertime Sadness,75,87.0,0.565,0.654,1,-6.826,0,0.0335,0.0542,1.8e-06,0.122,0.235,111.968,265427,4
4vpeKl0vMGdAXpZiQB2Dtd,White Rabbit,72,63.0,0.551,0.293,2,-12.503,1,0.0272,0.486,0.000273,0.0864,0.322,106.798,150640,4
7ixiCZEHWHc8FxaQXQh2P4,Bam Bam,67,52.0,0.722,0.605,5,-6.07,1,0.153,0.825,0.0178,0.248,0.709,165.998,196507,4
2WRzpLD8qDRrxMXc63E5WJ,The Rain (Supa Dupa Fly),60,73.0,0.836,0.595,6,-9.338,1,0.201,0.141,0.00375,0.329,0.762,79.98,251000,4
2374M0fQpWi3dLnB54qaLX,Africa,84,74.0,0.671,0.373,9,-18.064,1,0.0323,0.257,8.01e-05,0.0481,0.732,92.718,295893,4
4Km5HrUvYTaSUfiSGPJeQR,Bad and Boujee (feat. Lil Uzi Vert),76,86.0,0.927,0.665,11,-5.313,1,0.244,0.061,0,0.123,0.175,127.076,343150,4
5F1CxsOXX6altKaKlEPuox,Powderfinger - 2016 Remaster,50,66.0,0.482,0.662,7,-10.827,1,0.0326,0.289,0.0106,0.0972,0.544,106.757,330480,4
5QTxFnGygVM4jFQiBovmRo,(Don't Fear) The Reaper,77,66.0,0.333,0.927,9,-8.55,0,0.0733,0.0029,0.000208,0.297,0.385,141.466,308120,4
5h5BrNPFvc4IXfCgnZJ2lT,Tyrone - Extended Version,48,68.0,0.738,0.369,1,-9.531,0,0.209,0.31,0.00706,0.366,0.342,132.093,345360,4
6EdSN1iGtLPhcz43QDRkdK,Help!,53,88.0,0.552,0.734,6,-7.126,0,0.0291,0.221,0,0.116,0.846,94.887,138286,4
4Z80C8NlDd1AO4axf1O3n0,Rosalita (Come Out Tonight),54,79.0,0.282,0.938,5,-5.664,1,0.0808,0.0305,0.000161,0.25,0.741,154.385,420840,4
5gOnivVq0hLxPvIPC00ZhF,Cosmic Dancer,59,63.0,0.363,0.803,0,-8.089,1,0.06,0.0117,0.00601,0.189,0.718,156.047,266533,4
7iL6o9tox1zgHpKUfh9vuC,In Da Club,81,84.0,0.899,0.713,6,-2.752,0,0.366,0.255,0,0.0708,0.777,90.051,193467,4
2TfSHkHiFO4gRztVIkggkE,"Sugar, We're Goin Down",79,81.0,0.494,0.842,7,-4.784,1,0.0843,0.00579,0,0.122,0.574,162.011,229093,4
6EPRKhUOdiFSQwGBRBbvsZ,Ace of Spades,75,68.0,0.329,0.974,3,-8.77,0,0.135,0.000852,0.000118,0.0904,0.234,140.862,166920,4
02eD9ymfJOJOhM97HYp5R9,The House That Built Me,67,73.0,0.525,0.3,5,-8.005,1,0.0286,0.578,8.3e-06,0.116,0.206,80.993,236627,4
3XVBdLihbNbxUwZosxcGuJ,If I Ain't Got You,82,81.0,0.609,0.444,7,-9.129,1,0.106,0.603,6.86e-06,0.104,0.166,118.402,228707,3
1BwrMGGhPA6GarWIYaFrW8,La Vida Es Un Carnaval,69,66.0,0.813,0.701,0,-6.508,0,0.0701,0.489,0.00116,0.294,0.855,104.019,278867,4
5v4GgrXPMghOnBBLmveLac,Savage Remix (feat. Beyoncé),73,86.0,0.822,0.743,10,-4.772,0,0.28,0.016,0,0.127,0.636,84.459,242001,4
4kbkYebCqM0JGHVWrbRU0u,Passionate Kisses,38,55.0,0.646,0.658,4,-6.429,1,0.0269,0.0537,0,0.0919,0.557,138.774,158280,4
20I6sIOMTCkB6w7ryavxtO,Call Me Maybe,80,74.0,0.783,0.58,7,-6.548,1,0.0408,0.0114,2.28e-06,0.108,0.66,120.021,193400,4
0K6yUnIKNsFtfIpTgGtcHm,Limelight,66,68.0,0.581,0.854,1,-8.485,0,0.0428,0.00197,0.0013,0.111,0.788,131.18,259840,4
61MZN0yyMWSEwrLPUUGfgJ,Sheena Is a Punk Rocker - 2017 Remaster,61,69.0,0.42,0.965,0,-1.986,1,0.0403,0.0981,0.000335,0.0784,0.846,176.243,169920,4
5Dqik1P9toCJTLj5rEm78s,West End Girls,56,69.0,0.627,0.905,4,-9.921,0,0.037,0.0331,0.0199,0.255,0.644,113.247,241987,4
3oAWTk92mZBxKBOKf8mR5v,Summertime Blues,65,55.0,0.714,0.886,11,-8.629,0,0.0554,0.116,0.184,0.18,0.954,156.351,119360,4
1nXIZY6vOyQgXNtBnou1Ph,Adore,42,73.0,0.715,0.576,7,-7.06,1,0.0696,0.562,0.000103,0.401,0.795,129.156,391400,4
2Mb3zpobD0CvJGWv6NpsPy,They Reminisce Over You (T.R.O.Y.),63,49.0,0.761,0.683,2,-10.889,1,0.164,0.141,0,0.342,0.671,101.787,286693,4
2fuCquhmrzHpu5xcA1ci9x,Under Pressure - Remastered 2011,81,84.0,0.671,0.712,2,-7.815,1,0.0476,0.429,0,0.103,0.462,113.805,248440,4
5Ohxk2dO5COHF1krpoPigN,Sign of the Times,83,87.0,0.516,0.595,5,-4.63,1,0.0313,0.0275,0,0.109,0.222,119.972,340707,4
0tm6gsXe0LSm9zeSspyMQu,Rapper's Delight - Single Version,62,55.0,0.917,0.692,2,-11.665,1,0.244,0.185,1.09e-05,0.0686,0.819,111.782,235840,4
3hlksXnvbKogFdPbpO9vel,Super Bass,80,89.0,0.723,0.86,11,-4.357,1,0.203,0.271,4.56e-06,0.598,0.667,126.979,200013,4
58PSYdY0GFg0LFb2PxYk4T,Mannish Boy,65,59.0,0.598,0.735,2,-10.882,1,0.0973,0.44,0.000215,0.681,0.615,111.129,321133,3
6MdqqkQ8sSC0WB4i8PyRuQ,No Diggity,77,69.66666666666667,0.867,0.646,1,-4.674,0,0.288,0.303,0,0.279,0.67,88.634,304600,4
6PNvv1dmDbOWrAYwEcuKBX,Criminal,64,66.0,0.595,0.804,7,-7.911,0,0.0326,0.0129,1.97e-05,0.299,0.586,89.846,341533,4
3X414ZlCf5U7pcpIaIcUkT,Flava in Ya Ear,57,52.0,0.763,0.541,9,-8.843,0,0.329,0.466,0,0.0693,0.885,90.032,217467,4
1YrnDTqvcnUKxAIeXyaEmU,How Soon Is Now? - 2011 Remaster,71,75.0,0.398,0.93,11,-6.76,1,0.0615,0.000854,0.121,0.0874,0.725,190.818,408173,4
1ZEOIhSn6BKErV59bIgn76,California Dreamin',64,67.0,0.548,0.728,1,-6.631,0,0.0367,0.424,0,0.0525,0.649,112.332,160373,4
6xkryXuiZU360Lngd4sx13,Fantasy,76,86.0,0.669,0.727,7,-7.588,1,0.0353,0.139,0,0.123,0.807,102.322,243493,4
4fQMGlCawbTkH9yPPZ49kP,Green Onions,71,60.0,0.816,0.514,10,-8.741,1,0.0339,0.767,0.949,0.0899,0.912,136.837,176333,4
32OlwWuMpZ6b0aN2RZOeMS,Uptown Funk (feat. Bruno Mars),84,84.5,0.856,0.609,0,-7.223,1,0.0824,0.00801,8.15e-05,0.0344,0.928,114.988,269667,4
1L94M3KIu7QluZe63g64rv,Alive,78,77.0,0.284,0.875,11,-6.069,0,0.0422,0.00752,0.000461,0.402,0.595,75.009,340907,4
6WK9dVrRABMkUXFLNlgWFh,Enjoy the Silence,76,75.0,0.663,0.838,0,-5.744,0,0.0286,0.2,0.000177,0.0782,0.752,112.788,255133,4
5WHY6S6FO0bdRNd8xYxyAG,Dreaming,50,71.0,0.386,0.711,2,-12.448,1,0.0361,0.00341,0.000118,0.084,0.771,160.193,188133,4
2ORuzegtD2CQ1cpAooRb4X,Gloria,41,55.0,0.556,0.729,2,-10.282,1,0.0327,0.118,0.00338,0.259,0.558,115.093,365600,4
3XWgwgbWDI56mf1Wl3cLzb,Buffalo Stance,56,55.0,0.708,0.627,1,-11.155,1,0.0614,0.0113,3.13e-05,0.338,0.764,107.246,342360,4
4xmeLj3uVcoAwgDtwM4MbG,Heavy Metal Drummer,57,63.0,0.661,0.66,7,-9.061,1,0.0373,0.0257,0.00977,0.256,0.814,120.617,188840,4
701oRFDRzsz3WdhCFOtUJj,Whipping Post,57,66.0,0.315,0.64,4,-9.256,0,0.0339,0.329,0.341,0.0879,0.583,97.968,317438,4
5UWwZ5lm5PKu6eKsHAGxOk,Everlong,80,79.0,0.413,0.881,11,-5.541,0,0.0367,5.99e-05,0.000308,0.0805,0.364,158.066,250547,4
476V2d6iA2tWXgQboKmTtA,Father And Son,75,71.0,0.495,0.326,7,-12.29,1,0.0365,0.541,8.85e-05,0.0996,0.371,136.243,221120,4
5EWPGh7jbTNO2wakv8LjUI,Free Bird,76,74.0,0.249,0.834,0,-8.21,1,0.0577,0.0738,9.48e-05,0.0924,0.338,118.223,547107,4
5kFTk2VJutkEN8T2x2E5KV,Sucker M.C.'s,14,66.0,0.842,0.996,11,-3.168,0,0.278,0.411,7.77e-05,0.355,0.587,102.953,39200,4
1kCewNSs909Xj1naXr36X8,Amor Prohibido,74,73.0,0.681,0.504,7,-11.099,1,0.0284,0.669,0,0.142,0.705,89.994,172627,4
6KTv0Z8BmVqM7DPxbGzpVC,Rock And Roll All Nite,76,75.0,0.654,0.929,1,-5.906,1,0.0998,0.0468,0,0.0539,0.902,144.774,168840,4
53Za5vyGc1x7GxgJVRjRKc,Ain't Nobody,64,59.0,0.825,0.811,10,-9.226,0,0.0524,0.258,0.000276,0.132,0.789,104.28,285253,4
0bRXwKfigvpKZUurwqAlEh,Lovely Day,76,74.0,0.692,0.651,9,-8.267,1,0.0324,0.292,0.00241,0.105,0.706,97.923,254560,4
07GvNcU1WdyZJq3XxP0kZa,Go Your Own Way - 2004 Remaster,76,82.0,0.583,0.947,5,-5.12,1,0.0378,0.0185,0.00109,0.0679,0.803,135.448,223613,4
7cehkXeGO0t8HosgO42tHl,Station to Station - 2016 Remaster,48,80.0,0.47,0.728,7,-12.031,1,0.0942,0.117,0.000886,0.0426,0.641,121.346,617720,4
0RnCUYXa7jhgTXtiMXF2PQ,You Make Me Feel (Mighty Real),64,53.0,0.629,0.851,5,-11.182,0,0.0294,0.0309,0.303,0.0947,0.961,130.7,400116,4
39lSeqnyjZJejRuaREfyLL,Hungry Like the Wolf - 2009 Remaster,73,71.0,0.691,0.812,0,-7.772,1,0.0558,0.0433,1.16e-06,0.299,0.685,127.568,220627,4
6jg8Y7gArYgZeXUBPMre0V,Bring The Noise,49,60.0,0.795,0.824,4,-12.23,0,0.238,0.0668,0,0.0728,0.794,110.202,226173,4
1v98rfd0an913AzHvMNG8a,Alison,62,59.0,0.557,0.32,1,-10.792,0,0.0438,0.739,3.99e-05,0.112,0.377,176.647,204533,4
3uy0jtkM8QYVTsBazkli1x,Planet Rock,49,41.0,0.915,0.807,6,-9.636,0,0.13,0.011,0.000122,0.201,0.708,127.35,319960,4
64SIlhd3BaHCCMSfajXG7l,Grace,59,64.0,0.546,0.867,11,-4.235,0,0.0354,0.0256,0.000229,0.221,0.189,127.988,322040,4
5h8ve1B7Gr3k4W0WXAgLxE,Say It Loud - I'm Black And I'm Proud - Pt. 1,43,67.0,0.85,0.66,3,-6.323,1,0.193,0.386,0.00235,0.0449,0.926,115.076,167187,4
7LVHVU3tWfcxj5aiPFEW4Q,Fix You,83,91.0,0.209,0.417,3,-8.74,1,0.0338,0.164,0.00196,0.113,0.124,138.178,295533,4
05ZACkzW8YbRq3eFgIfSNB,Springsteen,74,74.0,0.692,0.809,2,-5.935,1,0.0255,0.1,9.77e-05,0.185,0.927,104.023,263387,4
5sICkBXVmaCQk5aISGR3x1,Enter Sandman,81,83.0,0.577,0.828,6,-8.691,0,0.0298,0.00213,0.0114,0.0581,0.604,123.257,331267,4
2hvOsGJc6qll4WzW8Ljqc3,Brass in Pocket - 2006 Remaster,66,68.0,0.751,0.703,9,-5.687,1,0.0287,0.368,0.00123,0.196,0.907,97.931,185960,4
0LWkaEyQRkF0XAms8Bg1fC,Party Up,73,74.0,0.51,0.931,11,-3.302,1,0.347,0.0738,0,0.5,0.53,201.936,268867,4
4AwKXevZmsTNa3KZVj3rzl,Personality Crisis,55,45.0,0.429,0.914,7,-9.594,1,0.0505,0.0321,9.26e-05,0.436,0.685,155.588,221507,4
0UAJH0k4k3slcE83a9UGCe,Lola,71,69.0,0.474,0.917,9,-4.19,1,0.0395,0.582,0.231,0.201,0.902,152.113,241040,4
0ew27xRdxSexrWbODuLfeE,I'm Coming Out,57,69.0,0.739,0.917,5,-4.459,1,0.0504,0.177,0.119,0.0834,0.749,110.163,325267,4
58q2HKrzhC3ozto2nDdN4z,I Like It,81,91.66666666666667,0.816,0.726,5,-3.998,0,0.129,0.099,0,0.372,0.65,136.048,253390,4
0wXuerDYiBnERgIpbb3JBR,Redbone,84,79.0,0.743,0.347,1,-11.174,1,0.121,0.167,0.00951,0.103,0.572,160.143,326933,4
0IVkP59yJ9GFF6B7IrvrxA,Paper Bag,63,66.0,0.709,0.446,0,-9.904,1,0.037,0.716,2.39e-05,0.11,0.843,140.993,219267,3
395kSI564E2Rl1Nh5kGOxQ,Typical Girls,46,44.0,0.488,0.714,9,-9.835,1,0.0432,2.43e-05,0.6,0.0672,0.726,157.604,235653,4
3XApt3UvXtv8y9S6DrAxCL,Radiation Vibe,43,61.0,0.593,0.78,9,-6.281,1,0.0253,0.000125,0.000164,0.166,0.507,109.529,221173,4
4oPNN7syJYSjzDhRerF966,Untitled (How Does It Feel),63,65.0,0.838,0.304,4,-9.975,0,0.0626,0.16,0.0267,0.0828,0.221,112.618,430800,3
003vvx7Niy0yvhvHt4a68B,Mr. Brightside,84,80.0,0.352,0.911,1,-5.23,1,0.0747,0.00121,0,0.0995,0.236,148.033,222973,4
2o49Twc3qrNMOt8gq9W06L,Pictures Of You - Remastered,63,76.0,0.476,0.764,9,-6.454,1,0.032,0.00325,0.112,0.138,0.545,171.903,448307,4
6h3YJ05BovN1Pgk145J3r9,Mama Tried,62,64.0,0.738,0.538,2,-10.118,1,0.0374,0.719,1.35e-05,0.0653,0.81,97.487,134453,4
7cNRqg0lbiqBaGeOlA4AEU,Up on the Roof,59,66.0,0.693,0.29,8,-17.501,1,0.0334,0.706,1.49e-05,0.137,0.92,121.795,157173,4
7pN8GMLw3prWFn5nvJRM6O,Be Thankful for What You Got (Pt. 1 & Pt. 2),59,50.0,0.791,0.42,1,-13.289,0,0.0832,0.413,0.116,0.111,0.84,93.225,429372,4
0wwPcA6wtMf6HUMpIRdeP7,Hotline Bling,79,98.0,0.891,0.628,2,-7.863,1,0.0551,0.00258,0.00019,0.0504,0.552,134.966,267067,4
69uJi5QsBtqlYkGURTBli8,I Can't Make You Love Me,69,64.0,0.588,0.149,7,-16.728,0,0.0319,0.846,9.65e-05,0.236,0.113,124.689,332960,4
5Wj1rJnCLpMHdLaxsFtJLs,Bennie And The Jets - Remastered 2014,75,89.0,0.665,0.673,0,-7.95,1,0.0493,0.259,7.62e-06,0.497,0.779,132.642,322549,4
2OARIMw1hpehr86Iwmv04c,Peggy Sue,62,61.0,0.676,0.424,9,-8.132,1,0.0329,0.947,0.000494,0.119,0.493,148.373,150960,4
4alHo6RGd0D3OUbTPExTHN,Just What I Needed,72,67.0,0.619,0.579,4,-9.307,1,0.0473,0.0152,6.4e-05,0.0858,0.69,127.224,225627,4
2EoOZnxNgtmZaD8uUmz2nD,Black Hole Sun,78,69.0,0.35,0.828,6,-5.373,1,0.041,0.000217,0.000161,0.0774,0.147,105.435,318587,4
5mphdlILgAq3vh1MSvAJTS,Thinkin Bout You,72,84.0,0.721,0.339,0,-11.195,1,0.0532,0.409,0.00153,0.0973,0.2,129.83,200747,4
0fonScmHUzC0MglSLn9saA,Da Doo Ron Ron (When He Walked Me Home),56,57.0,0.535,0.797,3,-7.533,1,0.0459,0.48,3.42e-05,0.141,0.613,148.835,140120,4
2mHchPRtQWet3iIS3jANr1,God Save The Queen,64,59.0,0.304,0.901,9,-7.756,1,0.0602,0.00105,0.000376,0.158,0.541,147.199,199453,4
7x2xjJV3YAPeLQJ7u3Kjet,Box of Rain - 2013 Remaster,56,69.0,0.52,0.49,2,-12.828,1,0.0286,0.413,0,0.121,0.76,117.755,318929,4
5O4erNlJ74PIF6kGol1ZrC,Could You Be Loved,78,80.0,0.916,0.72,0,-8.548,1,0.1,0.36,0.00016,0.0958,0.76,103.312,237000,4
5UDqWOgDdixYMAgAyNbpgh,Merry Go 'Round,62,77.0,0.651,0.466,6,-9.403,1,0.0305,0.541,0.0027,0.116,0.326,86.953,206893,4
2XIr0KTybGQsC1SFfeaZhI,The Harder They Come,62,62.0,0.679,0.575,1,-8.037,1,0.0715,0.634,0,0.165,0.79,102.588,219907,4
4iozhXt27eMl39W5z7R8H6,Little Red Corvette,52,73.0,0.748,0.746,1,-9.721,1,0.111,0.281,3.31e-05,0.632,0.709,123.144,296907,4
0Q0IVlqMV64kNLlwjPj0Hl,Killing Me Softly With His Song,78,71.0,0.765,0.29,4,-17.117,0,0.139,0.0279,0,0.571,0.506,92.409,298773,4
0lIoY4ZQsdn5QzhraM9o9u,Because the Night,70,61.0,0.466,0.763,11,-7.748,0,0.0391,0.0542,0,0.119,0.473,123.539,204800,4
1u8c2t2Cy7UBoG4ArRcF5g,Blank Space,84,100.0,0.76,0.703,5,-5.412,1,0.054,0.103,0,0.0913,0.57,95.997,231827,4
2ccUQnjjNWT0rsNnsBpsCA,Surrender,70,64.0,0.524,0.955,0,-7.081,1,0.0411,0.00717,8.77e-06,0.659,0.869,133.849,253733,4
4Af8yzidDPc520TFd4TmkE,Don't Leave Me This Way,57,48.0,0.553,0.839,0,-5.844,0,0.116,0.153,6e-05,0.13,0.673,121.819,217733,4
7oOOI85fVQvVnK5ynNMdW7,Rock with You - Single Version,76,84.0,0.808,0.535,1,-12.521,1,0.0353,0.179,9.91e-05,0.158,0.848,114.031,220627,4
1TfqLAPs4K3s2rJMoCokcS,Sweet Dreams (Are Made of This) - Remastered,83,71.0,0.692,0.711,0,-7.498,0,0.0317,0.225,0,0.12,0.875,125.135,216933,4
2GrOq1y5gksYrqkc8Jzl9T,It Was A Good Day,72,76.0,0.797,0.779,7,-4.719,0,0.141,0.319,0.000142,0.266,0.82,82.37,260080,4
3LcGqv91NIBQaUmnNbsKu8,Ponta De Lança Africano,45,65.0,0.651,0.91,1,-3.834,0,0.2,0.253,0,0.472,0.654,96.792,232027,4
2qWKpYIleSvBT6aUMXoia5,Angel from Montgomery,59,64.0,0.617,0.421,0,-14.231,1,0.0318,0.541,0.00227,0.125,0.39,131.653,224186,4
6im4Ks6SWUqwTGp7Cft1e7,Time of the Season,62,63.0,0.536,0.696,4,-6.818,0,0.0365,0.134,3.17e-06,0.287,0.683,117.179,214027,4
5ZgNecJcN9SSopnmCTlpXs,Virginia Plain,53,64.0,0.588,0.708,6,-7.823,1,0.0351,0.445,3.94e-05,0.293,0.579,131.197,178376,4
2IfE8FhnPPEBSS4rL1qhBb,Heartbreak Hotel,60,82.0,0.694,0.295,9,-8.672,1,0.0611,0.843,1.42e-06,0.0856,0.729,93.577,127960,4
4saklk6nie3yiGePpBwUoc,Dynamite,88,96.0,0.746,0.765,6,-4.41,0,0.0993,0.0112,0,0.0936,0.737,114.044,199054,4
12q3V8ShACq2PSWINMc2rC,It's Too Late,69,65.0,0.45,0.442,9,-12.718,0,0.0353,0.493,0.00564,0.134,0.812,208.282,233173,4
0TI8TP4FitVPoEHPTySx48,Iron Man,72,74.0,0.332,0.769,9,-11.503,1,0.0765,0.00367,0.00413,0.0372,0.525,157.378,354774,4
2yBVeksU2EtrPJbTu4ZslK,What a Fool Believes,71,69.0,0.758,0.378,8,-15.308,0,0.0449,0.284,0,0.049,0.985,120.736,223867,4
2lDArps4owX3Q6rOIA4Osp,Promised Land,49,72.0,0.477,0.895,0,-6.63,1,0.0586,0.723,0,0.791,0.963,167.201,143307,4
1CSLeVCXmetBh8IkTPMFdL,I'm a Believer,59,65.0,0.502,0.772,0,-6.205,1,0.0322,0.595,2.47e-06,0.199,0.935,79.463,165613,4
45xBWOa6oEAk1WlVyr5QAB,(White Man) in Hammersmith Palais,48,72.0,0.692,0.694,9,-6.398,1,0.0369,0.132,5.88e-06,0.0855,0.832,102.769,240560,4
2H7PHVdQ3mXqEHXcvclTB0,1999,63,73.0,0.866,0.73,5,-8.201,1,0.0767,0.137,0,0.0843,0.625,118.523,379267,4
1jzDzZWeSDBg5fhNc3tczV,Paranoid,79,74.0,0.429,0.631,4,-11.514,0,0.0769,7.85e-05,0.00411,0.175,0.376,162.734,168440,4
2goLsvvODILDzeeiT4dAoR,Believe,78,71.0,0.652,0.917,6,-6.72,1,0.0548,0.0082,0,0.0509,0.459,132.975,239027,4
5dFoWIiJ2814hRwMYDcFiU,She's Gone,65,76.0,0.523,0.341,4,-14.034,1,0.0388,0.313,0.000114,0.621,0.355,77.487,313373,4
3YXIVMQLRRq2K7kxC7UYx6,Move Your Body,62,54.0,0.791,0.801,4,-6.344,0,0.07,0.00531,0.189,0.509,0.609,124.985,196110,4
4aQ8mFkZU6dmHaZOOKdscc,Ripple - 2020 Remaster,40,69.0,0.603,0.44,7,-13.284,1,0.0328,0.392,0.000144,0.578,0.671,128.021,248160,4
7MiLmLbwNoyf47xQ4TCVYp,Papa Was A Rollin' Stone - Single Version,67,70.0,0.817,0.405,10,-13.513,0,0.0811,0.451,0.0507,0.0468,0.898,121.467,419640,4
49FYlytm3dAAraYgpoJZux,Umbrella,83,88.0,0.583,0.829,1,-4.603,1,0.134,0.00864,0,0.0426,0.575,174.028,275987,4
6jX5mso4x00c1EiNMrTU9U,Please Mr. Postman - Single Version / Mono,66,54.0,0.785,0.776,2,-5.259,1,0.0312,0.729,0,0.181,0.967,121.505,148040,4
63BcfK6YAzJYeISaTPr6IO,Big Poppa - 2007 Remaster,72,80.0,0.765,0.671,9,-5.249,0,0.278,0.344,0,0.0506,0.798,84.5,249867,4
2DEZmgHKAvm41k4J3R2E9Y,Safaera,81,83.0,0.607,0.829,2,-4.074,1,0.379,0.0103,0,0.107,0.685,96.172,295177,4
3d9DChrdc6BOeFsbrZ3Is0,Under the Bridge,83,84.0,0.559,0.345,4,-13.496,1,0.0459,0.0576,0.000105,0.141,0.458,84.581,264307,4
3XG801WWhqC753dekEBkMt,Real Love,65,73.0,0.769,0.781,0,-5.472,1,0.0797,0.119,0.000371,0.0506,0.826,95.02,269973,4
4yY8JqTOQyi7K4O1QcQtBG,Portions for Foxes,53,51.0,0.474,0.807,2,-3.635,1,0.035,0.000938,0.0121,0.154,0.302,138.913,284640,4
21YxK0klhpfLW8budkJaMF,Lust For Life,66,66.0,0.383,0.97,9,-5.638,1,0.0435,0.0276,0,0.0942,0.62,101.603,313926,4
3utq2FgD1pkmIoaWfjXWAU,Scenes from an Italian Restaurant,61,78.0,0.415,0.931,5,-4.988,1,0.126,0.407,0.000501,0.114,0.339,97.953,456893,4
7dblNGnRXEBrVJunazs2U5,All I Have to Do Is Dream,68,63.0,0.534,0.462,4,-8.172,1,0.0266,0.839,0,0.129,0.534,96.195,143333,4
2anPa0qaFG1Nf0swkpfOQd,After the Gold Rush,55,71.0,0.473,0.158,7,-12.9,1,0.0332,0.984,2.19e-06,0.113,0.329,98.008,225973,4
6wpGqhRvJGNNXwWlPmkMyO,I Still Haven't Found What I'm Looking For,78,80.0,0.564,0.774,1,-9.424,1,0.0368,0.0135,0.00191,0.0861,0.657,100.894,277477,4
3ia3dJETSOllPsv3LJkE35,California Love - Original Version,77,75.0,0.763,0.85,7,-3.052,1,0.0417,0.0304,1.21e-06,0.371,0.761,91.519,284907,4
4RvWPyQ5RL0ao9LPZeSouE,Everybody Wants To Rule The World,84,73.0,0.645,0.795,7,-12.095,1,0.0527,0.347,0.00389,0.104,0.535,112.067,251489,4
5Oc0vLGWdEWeCqIU8zyELt,Hound Dog,57,46.0,0.563,0.542,9,-10.862,1,0.0962,0.706,3.59e-05,0.355,0.785,133.285,181000,4
2rslQV48gNv3r9pPrQFPW1,Visions of Johanna,50,75.0,0.59,0.484,9,-10.424,1,0.0339,0.321,0,0.0625,0.652,93.428,451133,4
6O5PIO5pAWxdoxvaUFQ02G,Leader Of The Pack,54,47.0,0.423,0.55,0,-8.738,1,0.0975,0.708,0,0.682,0.313,119.702,171333,4
0CLbmkYmQIWiEwnsbOkLpd,"A Love Supreme, Pt. I – Acknowledgement",55,68.0,0.37,0.586,5,-13.468,0,0.0581,0.485,1.96e-06,0.348,0.519,121.573,462867,4
672N8DGGTOLCOgWe0koX5g,I Wanna Be Your Dog,62,56.0,0.527,0.871,4,-8.708,1,0.0354,0.0229,0.155,0.419,0.107,120.722,188560,4
4Dq749x2QP6OXTURJ9GGY8,The Tears Of A Clown,61,61.0,0.593,0.607,1,-9.886,1,0.0283,0.147,0,0.128,0.953,128.365,181800,4
1jwKdqb7OindD204ocIryP,Walk On By,42,56.0,0.261,0.604,6,-10.634,1,0.0844,0.0654,0.145,0.066,0.508,69.606,720186,4
40riOy7x9W7GXjyGp4pjAv,Hotel California - 2013 Remaster,84,78.0,0.579,0.508,2,-9.484,1,0.027,0.00574,0.000494,0.0575,0.609,147.125,391376,4
5uvosCdMlFdTXhoazkTI5R,Light My Fire,73,75.0,0.413,0.725,3,-5.787,0,0.0324,0.369,2.16e-05,0.0905,0.44,124.618,429760,4
1k1Bqnv2R0uJXQN4u6LKYt,Ain't No Sunshine,79,74.0,0.527,0.415,4,-11.451,0,0.122,0.457,1.72e-05,0.117,0.515,78.169,125093,4
2vTMeiPiusCP04FNUQqDr5,Divorce Song - Remastered,38,50.0,0.635,0.805,1,-4.776,1,0.0268,0.0581,0,0.191,0.744,120.384,200093,4
1vxw6aYJls2oq3gW0DujAo,Crazy,77,65.0,0.855,0.587,8,-4.589,1,0.0336,0.0505,0.00714,0.105,0.64,111.97,177466,4
2oZmMp5M6L0Rh7G84Um2tF,Chain of Fools,64,73.0,0.721,0.567,10,-9.516,1,0.0389,0.221,0,0.465,0.914,116.643,167067,4
1JSTJqkT5qHq8MDJnJbRE1,Every Breath You Take,86,77.0,0.82,0.452,1,-9.796,1,0.0348,0.543,0.00294,0.0714,0.74,117.401,253920,4
3UjH6apk0ogZeIqhHbjrRU,Trans-Europe Express - 2009 Remaster,42,57.0,0.878,0.611,1,-12.221,1,0.118,0.0559,0.838,0.0527,0.718,107.65,397373,4
1KGi9sZVMeszgZOWivFpxs,No Scrubs,80,70.0,0.743,0.675,8,-4.267,0,0.0953,0.0251,0.000717,0.0685,0.59,92.909,214400,4
7aE5WXu5sFeNRh3Z05wwu4,Wish You Were Here - 2011 Remaster,72,81.0,0.5,0.185,7,-20.242,1,0.0535,0.728,0.000746,0.273,0.293,121.002,304200,4
6UBjSnyP1O5W5ndJoO9vUk,Night Moves,72,69.0,0.705,0.743,1,-6.631,1,0.042,0.432,0.0133,0.103,0.374,118.552,324423,4
0rme3FLbw5o1KLXpJzivjS,Rock Lobster,51,63.0,0.603,0.814,8,-11.51,1,0.048,0.0462,0.0265,0.0509,0.486,92.24,412033,4
3sLhMSePzxSrmxluIqeoAZ,I Put a Spell On You,57,47.0,0.733,0.399,10,-12.086,0,0.094,0.59,0.0254,0.0766,0.9,173.781,144867,3
3R2q3FCnNIw2XhuEbYtYk6,Jungleland,52,79.0,0.299,0.584,5,-5.984,1,0.0334,0.374,0.126,0.073,0.183,133.712,575653,4
6VojZJpMyuKClbwyilWlQj,Wouldn't It Be Nice,60,76.0,0.385,0.657,5,-6.975,1,0.0342,0.724,0,0.105,0.672,124.895,153867,4
0XyjtybwqSdqMAFfBEkmZf,Rebel Girl,62,52.0,0.435,0.939,8,-3.845,0,0.111,0.0122,0.00466,0.0614,0.559,134.938,157333,4
0cJPLFrlV7TTCyPLupHzcH,Won't Get Fooled Again - Original Album Version,67,71.0,0.686,0.92,2,-6.231,1,0.0566,0.301,0.27,0.0807,0.225,135.027,511400,4
2LAZn3ygMkecVRmyXvGjHO,Sweet Jane,45,67.0,0.629,0.51,2,-10.625,1,0.0317,0.00691,0,0.379,0.964,105.173,197827,4
5Z8EDau8uNcP1E8JvmfkZe,School's Out,69,66.0,0.294,0.745,5,-9.138,1,0.0461,0.05,0.125,0.676,0.347,134.364,210107,4
3Ti0GdlrotgwsAVBBugv0I,Can I Kick It?,71,69.0,0.848,0.666,0,-6.547,1,0.274,0.173,0.000699,0.129,0.744,96.662,251573,4
18AXbzPzBS8Y3AkgSxzJPb,In The Air Tonight - 2015 Remastered,78,78.0,0.446,0.239,0,-13.945,1,0.0316,0.551,4.1e-06,0.0697,0.298,189.507,336453,4
5rb9QrpfcKFHM1EUbSIurX,Yeah! (feat. Lil Jon & Ludacris),83,78.33333333333333,0.894,0.791,2,-4.699,1,0.112,0.0183,0,0.0388,0.583,105.018,250373,4
1Vp8U39YNsDfd6yVuaUq12,Atlantic City,56,79.0,0.475,0.429,4,-10.577,1,0.0367,0.311,0,0.376,0.34,108.034,236653,4
4E3ODD0mMJZ7iCddYGNZnS,That's the Joint,36,27.0,0.846,0.952,1,-5.966,1,0.111,0.136,0,0.338,0.841,105.411,562227,4
2SiXAy7TuUkycRVbbWDEpo,You Shook Me All Night Long,81,83.0,0.532,0.767,7,-5.509,1,0.0574,0.00287,0.000513,0.39,0.755,127.361,210173,4
0GjEhVFGZW8afUYGChu3Rr,Dancing Queen,82,83.0,0.543,0.87,9,-6.514,1,0.0428,0.358,0.000939,0.792,0.754,100.804,230400,4
7H6ev70Weq6DdpZyyTmUXk,Say My Name,77,75.0,0.713,0.678,5,-3.525,0,0.102,0.273,0,0.149,0.734,138.009,271333,4
2L93TdW2GMue1H2zlkt30F,Suzanne,65,68.0,0.409,0.172,6,-16.44,0,0.0389,0.922,0.00112,0.111,0.352,132.151,229293,4
4DEAiNBvq5yBy7NzpVc02h,Georgia on My Mind,53,68.0,0.288,0.316,0,-8.06,1,0.0286,0.861,0,0.188,0.201,130.939,215120,4
1GjbTNFImFrjFsNdleDe78,Never Tear Us Apart,71,71.0,0.664,0.613,0,-7.56,1,0.0273,0.00309,0.000128,0.175,0.193,96.6,184587,3
3XrvEifl0hIzgBGUa5jBLS,Grindin',57,55.0,0.592,0.77,1,-3.402,1,0.318,0.122,1.22e-06,0.103,0.361,191.692,264760,4
1sjmKmR4u9xDeJHjDCn2bZ,Penny Lane,56,88.0,0.633,0.385,9,-9.967,1,0.0358,0.411,8.72e-05,0.095,0.647,113.956,182053,4
63OQupATfueTdZMWTxW03A,Karma Police,76,81.0,0.36,0.501,7,-9.129,1,0.0258,0.0638,9.32e-05,0.172,0.324,74.807,264067,4
4lex7HDyMusHme377ZD2BW,Pressure Drop,33,59.0,0.629,0.713,8,-4.642,1,0.037,0.624,0,0.059,0.982,146.265,176213,4
2R7uUQ0Dehu80gsOcydQC9,Bo Diddley,55,52.0,0.809,0.701,0,-12.484,1,0.0574,0.176,0,0.184,0.563,105.696,149013,4
5YUJMvTg4AWHKjqQidTsGK,Ever Fallen in Love (With Someone You Shouldn't've?) - 1996 Remastered Version,66,55.0,0.266,0.831,4,-9.07,1,0.0453,0.000862,0,0.0555,0.778,175.514,163693,4
79zQv3SsEOmyPAgUP4YDjz,Sail Away - Remastered,37,63.0,0.341,0.161,5,-12.324,1,0.0326,0.936,0.000488,0.12,0.0961,134.75,173267,4
6SMHgPgNkhe9lneNTbgtel,Love and Happiness,64,68.0,0.822,0.457,6,-10.937,1,0.235,0.214,0.000397,0.0766,0.73,99.16,307063,4
3gsCAGsWr6pUm1Vy7CPPob,Killing Me Softly With His Song,74,65.0,0.476,0.381,5,-10.238,0,0.0342,0.727,0,0.0614,0.33,121.948,286920,4
43DeSV93pJPT4lCZaWZ6b1,The Boys Are Back In Town,75,65.0,0.445,0.706,8,-9.803,1,0.0461,0.234,0.000252,0.205,0.768,80.823,266720,4
78ZqE2tjAxbqEGGlvGnQfT,A Whiter Shade of Pale - Original Single Version,70,56.0,0.249,0.66,0,-6.905,1,0.0342,0.504,0.0026,0.0891,0.435,149.813,248947,4
5mc6EyF1OIEOhAkD0Gg9Lc,Closer,64,68.0,0.546,0.724,10,-8.639,0,0.0427,0.000273,0.667,0.133,0.586,89.991,373307,4
2qhASBzpbFhPRtrnZ5lLnz,Unchained Melody,75,63.0,0.339,0.208,0,-16.725,1,0.0308,0.396,0.000519,0.18,0.288,98.54,218013,3
2ZNTPtYmAhN9vCwnAgqKn1,"Shout, Pts. 1 & 2",61,65.0,0.489,0.866,10,-7.433,1,0.0933,0.753,0,0.876,0.416,138.63,268560,4
124NFj84ppZ5pAxTuVQYCQ,Take Care,76,94.0,0.629,0.515,0,-10.358,0,0.265,0.0267,1.22e-05,0.0888,0.299,121.845,277387,4
38gBmRO7BNAgPz35WFgZkl,King Tubby Meets Rockers Uptown,44,48.5,0.802,0.581,1,-11.424,1,0.0435,0.0178,0.872,0.0924,0.454,131.983,152832,4
7nL0nuLhX6ItOoEq9RpkOO,Left of the Dial - 2008 Remaster,39,55.0,0.264,0.953,9,-7.531,1,0.098,0.00391,0.012,0.179,0.316,150.795,223187,4
39l1UORIhuHvUWfxG53tRZ,Let's Get It On,69,75.0,0.539,0.599,3,-10.638,1,0.0483,0.0375,0,0.0754,0.636,167.7,290933,4
1l2Xmg54EUr3TDzNIaCr1z,Coat of Many Colors,60,75.0,0.624,0.257,5,-13.341,1,0.0444,0.93,7.56e-05,0.138,0.681,85.617,183667,4
3g3xDtGtU0asKw6iYCYiG5,American Tune,49,70.0,0.383,0.208,0,-16.035,1,0.03,0.818,3.36e-05,0.189,0.219,84.699,225133,4
50Y7ptVZRXvaLAN6Qc009y,Pusherman,61,63.0,0.85,0.669,10,-9.562,1,0.0379,0.238,0.0855,0.108,0.91,126.624,300693,4
0q5giEtY4wsFTwjWqswLwx,"Get Up, Stand Up",64,61.0,0.797,0.574,10,-7.268,1,0.373,0.229,0,0.0602,0.814,78.183,197573,4
1Q1b8eVkUPGlpSArl8JAVw,Heart of Gold - 2009 Remaster,74,71.0,0.541,0.459,4,-10.433,0,0.0297,0.189,0.0274,0.099,0.803,171.165,187013,4
7kjg2NCn3Zx70m1DFHSSGO,The Revolution Will Not Be Televised,58,55.0,0.558,0.677,11,-12.38,0,0.207,0.535,0,0.101,0.96,180.685,185879,4
3VgrSJEKBRT3xmwzpaxxEF,(Love Is Like A) Heat Wave,64,60.0,0.514,0.624,0,-9.287,0,0.0842,0.513,0.00517,0.307,0.755,166.726,163053,4
2MuWTIM3b0YEAskbeeFE1i,Master Of Puppets,75,83.0,0.543,0.836,4,-9.11,0,0.0353,0.000647,0.431,0.153,0.56,105.173,515387,4
30m1G9YyiwQzFG7QvAZzHE,Coal Miner's Daughter,43,58.0,0.602,0.47,9,-9.333,1,0.0287,0.884,0.341,0.163,0.633,137.163,182640,4
52FlwUMMDnTK8TGkCag9Jd,Stop! In The Name Of Love - Single Version,63,66.0,0.612,0.444,0,-12.752,1,0.0293,0.531,0,0.126,0.503,114.961,172907,4
2uRVPeQbsEpRQD0DKr1WTo,Blue Eyes Crying In the Rain,62,73.0,0.626,0.04,4,-19.994,1,0.0405,0.928,0.00178,0.11,0.418,117.136,138600,4
1v1PV2wERHiMPesMWX0qmO,Flash Light,63,56.0,0.702,0.735,7,-10.458,0,0.0465,0.243,0.117,0.474,0.687,105.177,346667,4
5GGVL37gRgOMEAVGSP5O71,I Will Survive,48,66.0,0.764,0.779,9,-7.308,0,0.045,0.0282,0.000659,0.295,0.676,116.29,198901,4
0wJoRiX5K5BxlqZTolB2LD,Purple Haze,73,73.0,0.533,0.905,2,-5.27,1,0.0754,0.00876,0.578,0.0698,0.486,108.9,170813,4
7pu8AhGUxHZSCWTkQ2eb5M,Bad Reputation,69,67.0,0.378,0.974,6,-4.055,1,0.194,0.00192,0.0139,0.0588,0.824,203.715,169187,4
6KIKRz9eSTXdNsGUnomdtW,Straight Outta Compton,73,68.0,0.834,0.878,8,-9.484,1,0.15,0.0461,0,0.334,0.418,102.848,258688,4
0DAmSYQW9kq9gQNDI002KP,River,67,68.0,0.405,0.152,0,-13.901,1,0.0395,0.979,9.07e-05,0.104,0.383,61.34,245040,4
4lJ6YVXQ0jUk5ILu0PSrA4,Ooh La La,72,61.0,0.601,0.574,2,-8.166,1,0.03,0.579,1.14e-05,0.216,0.8,147.964,214080,4
2L39OtNfhUKQ7VbOAVoaZL,Sabotage - Remastered 2009,35,71.0,0.32,0.943,6,-5.789,0,0.126,0.00497,0.192,0.0984,0.49,166.524,178293,4
1vnKvlb6cj5NLpd1BMJ2jD,Summer Babe - Winter Version,47,61.0,0.371,0.854,2,-5.91,1,0.0288,4.84e-06,0.845,0.0617,0.568,97.517,196600,4
6EOKwO6WaLal58MSsi6U4W,Eleanor Rigby,72,88.0,0.521,0.301,4,-7.118,0,0.0356,0.836,0,0.398,0.621,137.382,125227,4
7xe3EQCvXnx6Q0zs41Y65n,Great Balls of Fire,49,60.0,0.592,0.627,10,-10.14,1,0.0662,0.55,0,0.43,0.909,79.567,111240,4
3OcQkcvTcohs8vO8Rd3sKF,The Humpty Dance,59,58.0,0.813,0.693,10,-8.0,0,0.266,0.0341,0,0.121,0.618,103.508,391693,4
47BBI51FKFwOMlIiX6m8ya,I Want It That Way,81,78.0,0.689,0.694,6,-5.83,0,0.027,0.257,0,0.148,0.482,99.039,213307,4
6Atlml4eL2BJcntPqB8Xh4,September Gurls,41,50.0,0.374,0.895,4,-4.552,1,0.0351,0.000163,0.0119,0.164,0.533,113.992,166400,4
1sSuFkO3m3Cr6YN24NYol5,Are You That Somebody,70,69.0,0.85,0.657,9,-7.078,0,0.166,0.14,0.0192,0.0939,0.843,137.971,265667,4
13Oi7vfd9mrujcEmGAYAPe,Your Cheatin' Heart,52,58.0,0.672,0.243,0,-11.634,1,0.0281,0.774,1.79e-05,0.082,0.689,127.716,161640,4
3M8FzayQWtkvOhqMn2V4T2,Lean on Me,72,74.0,0.619,0.22,0,-13.843,1,0.0672,0.782,1.19e-05,0.124,0.426,75.143,258835,4
6hHc7Pks7wtBIW8Z6A0iFq,Blue Monday,73,69.0,0.762,0.651,0,-13.34,1,0.0655,0.00198,0.856,0.111,0.941,130.395,449160,4
4a01ClusxuZiloOK5UgLUn,You Keep Me Hangin' On,58,66.0,0.682,0.612,8,-7.004,0,0.0381,0.284,0,0.0783,0.845,127.647,163280,4
2He3NOyqtLNE3RQPpeDdSb,Groove Is in the Heart,65,55.0,0.694,0.881,1,-4.053,0,0.0701,0.0153,0.0196,0.0851,0.924,121.554,231787,4
2EMmHEhCZSMMEM85HTFJvj,My Generation,47,71.0,0.327,0.84,0,-6.068,0,0.107,0.146,0.00013,0.144,0.655,94.723,200173,4
2tUBqZG2AbRi7Q0BIrVrEj,I Wanna Dance with Somebody (Who Loves Me),82,79.0,0.709,0.824,1,-8.824,1,0.0453,0.207,0.000307,0.0888,0.867,118.818,291293,4
2HCaIYjkvWSZzaSKUoOh3d,Mr. Tambourine Man,67,60.0,0.456,0.47,2,-9.564,1,0.0294,0.513,3.76e-05,0.444,0.639,120.336,149467,4
3ZjrfGcb3A2PMGA1vRNgSk,This Land is Your Land,49,46.0,0.606,0.0977,3,-15.668,1,0.0451,0.962,0.00148,0.126,0.551,105.593,139693,4
557un1HgwYMuqfWGSTmnxw,Single Ladies (Put a Ring on It),69,86.0,0.426,0.584,1,-5.293,1,0.296,0.0383,0,0.192,0.272,193.438,192587,4
4BP3uh0hFLFRb5cjsgLqDh,Fortunate Son,82,79.0,0.64,0.663,0,-7.516,1,0.0374,0.201,0.00806,0.152,0.663,132.77,140773,4
0WQiDwKJclirSYG9v5tayI,There Is a Light That Never Goes Out - 2011 Remaster,75,75.0,0.523,0.769,4,-5.855,1,0.0269,0.04,0,0.136,0.876,136.162,244587,4
1pjATX7sbd6Y4jMVqIvzHk,Both Sides Now,64,68.0,0.258,0.139,2,-13.522,1,0.0317,0.868,0.00149,0.1,0.139,77.995,345400,4
5vqJA5BMokxeEPnwYPNkUn,Layla,39,63.0,0.459,0.889,1,-3.245,1,0.0486,0.451,0.112,0.306,0.454,115.669,423680,4
3UmaczJpikHgJFyBTAJVoz,Stan,83,83.0,0.78,0.768,6,-4.325,0,0.238,0.0371,2.34e-06,0.518,0.507,80.063,404107,4
2PuUFT13yCzUOZun94WOXv,Suite: Judy Blue Eyes - 2005 Remaster,64,62.0,0.451,0.364,9,-13.126,1,0.0436,0.469,0,0.197,0.298,154.206,444053,4
44BmNSqH9uZV5OfIjGcER3,River Deep - Mountain High,61,59.0,0.389,0.745,3,-6.998,1,0.0384,0.777,0.00159,0.143,0.271,83.037,214880,4
0NvJy5gPR591Qh2z22EAak,Bizarre Love Triangle '94,52,69.0,0.589,0.963,10,-3.803,1,0.0407,0.00742,0.468,0.0928,0.911,118.851,234360,4
5tVA6TkbaAH9QMITTQRrNv,Free Fallin',79,71.0,0.623,0.449,5,-13.333,1,0.0253,0.212,0,0.0613,0.572,84.383,256000,4
4NRQwaks9r58tTDvr4iEyv,In the Midnight Hour,65,60.0,0.75,0.444,4,-8.63,1,0.0403,0.12,3.69e-06,0.118,0.849,111.919,157160,4
2id8E4WvczfKHB4LHI7Np3,Edge of Seventeen,72,68.0,0.59,0.828,0,-6.28,1,0.0439,0.277,5.57e-06,0.0868,0.636,111.353,329680,4
4gphxUgq0JSFv2BCLhNDiE,Jailhouse Rock,70,82.0,0.647,0.582,10,-9.538,0,0.0755,0.41,1.93e-06,0.0715,0.915,167.396,146480,4
33ZXjLCpiINn8eQIDYEPTD,"Shook Ones, Pt. II",77,69.0,0.763,0.786,10,-6.472,0,0.229,0.0146,0.0114,0.0817,0.504,93.857,325507,4
61AK5ICbKk20h1dFS3mXuu,Deacon Blues,54,69.0,0.745,0.586,0,-12.487,1,0.0359,0.457,0.000295,0.119,0.604,115.857,456640,4
63T7DJ1AFDD6Bn8VzG6JE8,"Paint It, Black",80,81.0,0.464,0.795,1,-9.267,1,0.0926,0.0493,0.00244,0.399,0.612,158.691,202267,4
1QEEqeFIZktqIpPI4jSVSF,More Than a Feeling,79,68.0,0.377,0.681,7,-8.039,1,0.0298,0.00088,0.0023,0.0504,0.285,108.789,285133,4
4N0fzRX3T7QkOecp3pkWpp,With Or Without You,58,80.0,0.546,0.537,2,-7.44,1,0.0268,0.000135,0.287,0.125,0.0923,109.908,296227,4
06Y1ZlTO8tO0vVrN4rSfNc,One Nation Under a Groove (2015 Remaster - Album Version),45,57.0,0.782,0.777,4,-8.434,0,0.0409,0.304,0.00113,0.0752,0.872,122.431,449013,4
4gvea7UlDkAvsJBPZAd4oB,The Boys Of Summer,77,66.0,0.516,0.549,6,-13.741,1,0.0373,0.501,0.00572,0.184,0.907,176.941,288733,4
49t1GWE6ZiEoBgN92oMDdM,Doll Parts,64,63.0,0.245,0.542,7,-7.159,1,0.0324,0.147,4.05e-06,0.102,0.365,204.824,211960,4
59WN2psjkt1tyaxjspN8fp,Killing In The Name,80,74.0,0.466,0.833,7,-4.215,1,0.304,0.0266,0,0.0327,0.661,88.785,313573,4
6V9VCm1zOY2lGR80RehJ9i,Wichita Lineman - Remastered 2001,65,64.0,0.192,0.392,5,-11.667,1,0.0328,0.326,0.000199,0.248,0.391,172.312,186200,4
3MjUtNVVq3C8Fn0MP3zhXa,...Baby One More Time,80,83.0,0.759,0.699,0,-5.745,0,0.0307,0.202,0.000131,0.443,0.907,92.96,211067,4
7uPmQttafLiJyju14JREY4,Young Americans - 2016 Remaster,61,80.0,0.614,0.763,4,-8.949,0,0.133,0.171,0,0.119,0.885,84.236,313707,4
2eF8pWbiivYsYRpbntYsnc,"Signed, Sealed, Delivered (I'm Yours)",77,79.0,0.675,0.597,5,-11.329,1,0.0337,0.0534,0,0.0986,0.828,108.875,161160,4
38zsOOcu31XbbYj9BIPUF1,Your Song,80,89.0,0.554,0.315,3,-11.028,1,0.0298,0.828,5.53e-06,0.101,0.325,128.157,241787,4
6YffUZJ2R06kyxyK6onezL,Ring of Fire,72,77.0,0.659,0.585,7,-8.189,1,0.0288,0.623,0.000213,0.348,0.784,104.111,158427,4
0LrwgdLsFaWh9VXIjBRe8t,Changes - 2015 Remaster,69,80.0,0.547,0.308,0,-11.75,1,0.0377,0.505,0,0.109,0.41,114.719,217747,4
5MxNLUsfh7uzROypsoO5qe,Dream On,81,78.0,0.307,0.433,1,-10.057,1,0.029,0.388,9.08e-05,0.332,0.224,160.9,266960,4
3VZmChrnVW8JK6ano4gSED,Sexual Healing,73,75.0,0.805,0.602,0,-9.7,0,0.0579,0.119,0.000122,0.0581,0.744,94.382,238600,4
0CcL4kSHKIEwF3IW0BGgb6,I Can't Stand the Rain,64,53.0,0.727,0.387,1,-12.333,1,0.0412,0.248,0.0102,0.0625,0.966,160.395,150400,4
6Bne501HS96nEeNq8Gn87R,Get Up I Feel Like Being A Sex Machine - Pt. 1 / Single Version,55,67.0,0.841,0.655,8,-8.15,1,0.239,0.208,3.05e-06,0.291,0.865,108.442,170507,4
3zpj9dvJABiyMrmLCPw6i8,Crazy - Single Version,68,60.0,0.471,0.021,10,-24.385,1,0.0366,0.931,1.19e-06,0.103,0.356,107.796,164573,3
3m2Zd230K68bC4Qe961d9p,Rid Of Me,53,62.0,0.715,0.0885,9,-20.682,0,0.0521,0.00485,0.00694,0.155,0.544,125.383,268827,4
1hsrmBpddP05q7XvJA8ehw,Wild Horses,49,81.0,0.443,0.309,7,-9.75,1,0.0267,0.666,0.000785,0.0813,0.178,140.749,344387,4
63BokRfXSQhEU6Qi2dSJpZ,Mind Playing Tricks on Me,69,58.0,0.886,0.512,10,-11.825,0,0.237,0.207,0,0.0991,0.454,93.997,308733,4
4FdDorlbJTVHcH3djLbIfn,Ode To Billie Joe,58,47.0,0.637,0.189,7,-10.726,1,0.0471,0.721,0,0.0939,0.695,120.142,255002,4
5n8Aro6j1bEGIy7Tpo7FV7,Fuck Tha Police,71,68.0,0.859,0.75,8,-8.325,0,0.303,0.0193,0,0.0538,0.857,98.691,345717,4
72Z17vmmeQKAg8bptWvpVG,Space Oddity - 2015 Remaster,74,80.0,0.31,0.403,0,-13.664,1,0.0326,0.0726,9.27e-05,0.139,0.466,134.48,318027,4
1Eolhana7nKHYpcYpdVcT5,Little Wing,72,73.0,0.515,0.534,6,-8.045,1,0.0768,0.181,0.00278,0.0547,0.426,70.776,145747,4
6k9DUKMJpWvu6eFG3O64Lg,Subterranean Homesick Blues,59,75.0,0.576,0.727,4,-9.973,0,0.05,0.702,0,0.324,0.751,173.854,141293,4
5YLnfy7R2kueN0BRPkjiEG,I'll Take You There,69,59.0,0.846,0.595,0,-8.372,1,0.0439,0.0904,1.96e-06,0.063,0.78,101.632,196827,4
1OOtq8tRnDM8kG2gqUPjAj,Beat It,82,84.0,0.779,0.867,3,-3.704,0,0.0457,0.0491,7.98e-06,0.197,0.915,138.858,258040,4
3nvuPQTw2zuFAVuLsC9IYQ,Nothing Compares 2 U,74,62.0,0.511,0.574,5,-7.016,1,0.0273,0.0425,2.33e-05,0.105,0.161,119.917,280040,4
0n2pjCIMKwHSXoYfEbYMfX,You Are The Sunshine Of My Life,71,79.0,0.519,0.46,11,-14.53,1,0.0688,0.823,5.97e-05,0.243,0.675,132.082,178200,4
3CepTOU9Y7FezTt0CF3lCw,The Sounds of Silence,47,74.0,0.436,0.375,6,-13.856,1,0.0284,0.165,0,0.294,0.49,107.386,184880,4
2BGNomqCxEDcXyxf8bg27k,Eight Miles High,56,60.0,0.365,0.77,9,-10.492,1,0.0764,0.21,0.136,0.503,0.37,130.603,214640,4
5p3JunprHCxClJjOmcLV8G,Walk On the Wild Side,75,65.0,0.575,0.318,0,-16.729,1,0.109,0.683,0.000202,0.0934,0.385,104.522,254173,4
7Fg4jpwpkdkGCvq1rrXnvx,Comfortably Numb - 2011 Remastered Version,69,81.0,0.423,0.298,11,-15.453,0,0.0276,0.116,0.0685,0.0728,0.182,63.581,382280,4
2Fxmhks0bxGSBdJ92vM42m,bad guy,87,93.0,0.701,0.425,7,-10.965,1,0.375,0.328,0.13,0.1,0.562,135.128,194088,4
6Fba9RZtC6vTY814JToDtP,Jump,63,74.0,0.542,0.822,0,-7.201,1,0.0291,0.0745,0.00947,0.0645,0.772,130.011,239560,4
09nZ9ZDWq1rTkmM3WjvMvF,You Really Got Me - Remastered,57,69.0,0.588,0.948,8,-4.073,1,0.0974,0.147,7.92e-05,0.0787,0.962,137.294,134067,4
3YdKJzcoMZMacISlpY4QoP,I Only Have Eyes for You,64,49.0,0.552,0.313,5,-12.41,1,0.0296,0.916,0.0017,0.12,0.303,88.554,202773,3
1Rkvm7gV57MXALYYVpHqIi,Radio Free Europe,44,75.0,0.361,0.645,4,-15.931,1,0.0461,0.00278,0.0248,0.11,0.874,154.868,245667,4
7Me0vOSlJfaPY7Pc4GeItd,Marquee Moon,58,49.0,0.49,0.536,7,-10.83,1,0.0382,0.0391,0.371,0.116,0.732,118.008,638427,4
175Ef68hYgpfcm6zeKCH0L,Mississippi Goddam,34,71.0,0.598,0.274,4,-15.065,0,0.0623,0.389,0,0.979,0.789,147.218,330427,4
1qCQTy0fTXerET4x8VHyr9,What A Wonderful World,75,76.0,0.399,0.258,5,-16.028,1,0.033,0.792,1.86e-06,0.128,0.192,108.174,137520,3
0GVvRmCoiLkhxJvlZy9bLk,In The Still of the Night,58,47.0,0.43,0.33,6,-10.621,1,0.0353,0.876,0,0.105,0.316,108.824,187667,3
7MRyJPksH3G2cXHN8UKYzP,American Girl,75,71.0,0.55,0.824,2,-5.988,1,0.0334,0.448,0.000127,0.366,0.777,114.512,214733,4
6ek9SiEj5a65WIs2EV7qiM,Son Of A Preacher Man,74,66.0,0.404,0.43,4,-12.327,1,0.224,0.538,0,0.0802,0.641,180.061,148053,4
7MJQ9Nfxzh8LPZ9e9u68Fq,Lose Yourself,74,93.0,0.689,0.735,2,-4.545,1,0.267,0.00922,0.00072,0.365,0.059,171.403,320627,4
0WNGPpmWqzPnk0psUhJ3SX,All the Young Dudes,65,51.0,0.429,0.668,4,-7.539,0,0.044,0.208,0,0.538,0.398,77.737,211067,4
2y9tVVMuq6c6o7NtIf88Jd,I'm So Lonesome I Could Cry - Single Version,38,59.0,0.675,0.21,4,-13.124,1,0.0288,0.866,0.00121,0.123,0.635,111.022,166000,3
3RkQ3UwOyPqpIiIvGVewuU,Mr. Tambourine Man,65,75.0,0.39,0.31,5,-14.545,1,0.0676,0.794,0,0.379,0.584,177.515,330533,4
5ihS6UUlyQAfmp48eSkxuQ,Landslide,78,82.0,0.414,0.161,7,-22.32,0,0.0318,0.883,0.000223,0.117,0.423,159.375,199493,4
4KROoGIaPaR1pBHPnR3bwC,Pink Moon,70,64.0,0.642,0.427,3,-8.471,1,0.0402,0.871,0.0904,0.124,0.404,82.344,124001,4
2m0M7YqCy4lXfedh18qd8N,Into the Groove,66,79.0,0.729,0.856,10,-4.164,0,0.035,0.0658,0.00832,0.0691,0.804,116.467,285093,4
6G0NzOx2jEPFsSmhr9N8Ys,Nightswimming,64,75.0,0.566,0.385,7,-11.272,1,0.0304,0.796,7.63e-06,0.103,0.571,114.227,258067,4
3qiyyUfYe7CRYLucrPmulD,Baba O'Riley,77,71.0,0.489,0.724,5,-8.367,1,0.0352,0.313,0.185,0.287,0.15,117.292,300400,4
0WSlOSMLJWoWUpWci9nnRb,Cissy Strut,65,58.0,0.507,0.763,0,-12.732,1,0.0945,0.172,0.886,0.324,0.708,176.193,186853,4
0WIbzDVEpmOyBnqqdtqIL9,Teen Age Riot (Album Version),64,62.0,0.286,0.907,7,-9.67,1,0.0374,0.000277,0.202,0.0837,0.746,156.395,417800,4
0iA3xXSkSCiJywKyo1UKjQ,Louie Louie,69,53.0,0.623,0.709,1,-9.818,0,0.0636,0.102,0,0.0967,0.948,122.394,165381,4
2xWuvbf4IRYwpBrdHghTvs,Last Nite,47,78.0,0.618,0.903,0,-5.691,1,0.0298,0.0213,0.000305,0.086,0.769,103.959,197533,4
7j02rdE5RVtNcNMuLGY5SS,Spoonful,58,54.0,0.821,0.376,0,-13.622,1,0.0487,0.669,1.39e-05,0.106,0.824,119.039,170000,4
2dCmGcEOQrMQhMMS8Vj7Ca,Super Freak,75,63.0,0.838,0.794,9,-8.245,0,0.0531,0.22,0,0.0575,0.962,132.446,205467,4
6pxWv6GV35VGmcPf5dh6CH,Proud Mary,70,79.0,0.699,0.641,2,-7.564,1,0.0289,0.13,0.000218,0.0601,0.728,120.745,187213,4
33AeObqTI5RW6IhHmIyxVT,Will You Still Love Me Tomorrow,43,54.0,0.499,0.446,0,-7.971,1,0.0266,0.38,0.00012,0.212,0.546,136.384,162760,4
6L89mwZXSOwYl76YXfX13s,Basket Case,81,82.0,0.442,0.943,3,-3.205,1,0.0602,0.00293,8.71e-06,0.091,0.781,85.064,181533,4
3gdewACMIVMEWVbyb8O9sY,"Rocket Man (I Think It's Going To Be A Long, Long Time)",83,89.0,0.601,0.532,10,-9.119,1,0.0286,0.432,6.25e-06,0.0925,0.341,136.571,281613,4
6Vjk8MNXpQpi0F4BefdTyq,Kashmir - Remaster,73,80.0,0.483,0.615,2,-8.538,1,0.0497,0.452,0.000414,0.0512,0.594,80.576,517125,3
4QXGscdMAnmv5UsbDsUiQn,Blueberry Hill,30,58.0,0.511,0.557,11,-4.656,1,0.0261,0.682,0,0.179,0.746,137.012,142507,3
1XUKItaRs2494LclJwHhl8,Fire and Rain,53,70.0,0.611,0.35,5,-14.48,1,0.0356,0.499,7.84e-06,0.0844,0.36,76.064,200579,4
0I3q5fE6wg7LIfHGngUTnV,Ms. Jackson,83,77.0,0.843,0.806,4,-5.946,0,0.269,0.143,0,0.0771,0.613,94.948,270507,4
6YEq8UF9EYlMrIVWc35CPH,Jumpin' Jack Flash - (Original Single Mono Version),46,81.0,0.6,0.91,3,-6.98,1,0.0497,0.0406,0.561,0.0642,0.619,137.361,217973,4
124Y9LPRCAz3q2OP0iCvcJ,London Calling,55,72.0,0.654,0.799,0,-6.92,1,0.0501,0.0706,0,0.0844,0.755,133.731,199733,4
6qMgx8ys4MNNxypaIvbG0i,He Stopped Loving Her Today,56,65.0,0.43,0.173,8,-18.597,1,0.0321,0.594,0.000111,0.224,0.365,72.103,195333,4
6rovOdp3HgK1DeAMYDzoA7,Maggie May,74,77.0,0.605,0.574,2,-10.536,1,0.0377,0.559,0.113,0.0684,0.543,129.449,350267,4
3PQLYVskjUeRmRIfECsL0X,No Woman No Cry,59,80.0,0.898,0.365,0,-10.452,1,0.0462,0.159,9.28e-06,0.132,0.563,98.53,226240,4
27QvYgBk0CHOVHthWnkuWt,Vogue,68,79.0,0.737,0.88,6,-6.449,1,0.0433,0.00379,0.00351,0.417,0.329,115.998,316813,4
41AE8ODX2JETBCa6muhSLY,Heart Of Glass,69,71.0,0.726,0.696,4,-8.017,1,0.0333,0.00114,0.0771,0.0563,0.41,114.691,252187,4
3e9HZxeyfWwjeyPAMmWSSQ,"thank u, next",84,94.0,0.717,0.653,1,-5.634,1,0.0658,0.229,0,0.101,0.412,106.966,207320,4
36AlMHDBFwSsD3FQOy1R81,Try a Little Tenderness,66,73.0,0.587,0.133,9,-15.151,0,0.0565,0.186,2.26e-05,0.258,0.068,102.938,201733,4
48JM82SHQTBYkhEYhMaOaa,She Loves You - Remastered 2009,50,88.0,0.391,0.883,7,-5.973,1,0.0442,0.264,0,0.157,0.927,75.442,141333,4
4kOfxxnW1ukZdsNbCKY9br,What's Love Got to Do with It,74,72.0,0.851,0.406,1,-11.631,1,0.0661,0.219,6.41e-06,0.0853,0.792,97.84,226880,4
4bHsxqR3GMrXTxEPLuK5ue,Don't Stop Believin',83,75.0,0.5,0.748,4,-9.072,1,0.0363,0.127,0,0.447,0.514,118.852,250987,4
3fatX7w8Wt9nmwGlXZsRFh,Paid In Full,49,50.0,0.902,0.743,7,-11.136,1,0.229,0.000755,0.00104,0.0555,0.423,98.944,228267,4
3SdTKo2uVsxFblQjpScoHy,Stand by Me,79,66.0,0.65,0.306,9,-9.443,1,0.0393,0.57,7.07e-06,0.0707,0.605,118.068,180056,4
6rLqjzGV5VMLDWEnuUqi8q,Dancing In The Street - Stereo,69,60.0,0.556,0.57,2,-9.472,1,0.0393,0.0118,0.000526,0.198,0.304,126.01,165227,4
6jdOi5U5LBzQrc4c1VT983,"Hold On, We're Going Home",74,84.5,0.773,0.414,6,-7.436,0,0.0961,0.00411,3.4e-05,0.0733,0.289,99.993,227880,4
0hCB0YR03f6AmQaHbwWDe8,Whole Lotta Love - 1990 Remaster,78,80.0,0.412,0.902,9,-11.6,1,0.405,0.0484,0.131,0.405,0.422,89.74,333893,4
6qspW4YKycviDFjHBOaqUY,Waterfalls,74,70.0,0.769,0.505,1,-7.345,1,0.0829,0.311,7.49e-05,0.0777,0.757,171.804,279507,4
3tyTt5pEWblt96j1HsXiV5,Freedom! '90 - Remastered,71,77.0,0.677,0.852,5,-10.856,1,0.045,0.225,3.95e-05,0.0595,0.93,91.691,390862,4
5moTxUGPZXgGmosl4rIELm,Anarchy In The UK,64,59.0,0.359,0.949,0,-7.649,1,0.101,0.0556,0.000396,0.236,0.212,134.118,212480,4
1PQ8VfmROMqPC8fF8dMRo7,That'll Be the Day,24,61.0,0.646,0.629,9,-5.356,1,0.0361,0.735,0,0.297,0.909,127.581,135840,4
6aBUnkXuCEQQHAlTokv9or,This Must Be the Place (Naive Melody) - 2005 Remaster,72,70.0,0.942,0.641,7,-10.15,1,0.0333,0.331,0.179,0.028,0.966,114.443,296147,4
6AeG6jSoAVbmUFO6LyYmBf,People Get Ready,63,52.0,0.414,0.249,1,-12.674,1,0.0369,0.894,8.37e-06,0.188,0.341,142.442,163360,3
7iN1s7xHE4ifF5povM6A48,Let It Be - Remastered 2009,80,88.0,0.443,0.403,0,-8.339,1,0.0322,0.631,0,0.111,0.41,143.462,243027,4
7weMJXfu8leOPWd4COj2Qp,Oh Bondage! Up Yours!,29,34.0,0.457,0.687,2,-7.872,1,0.0411,0.0182,0.0079,0.231,0.673,158.952,171200,4
1tqT6DhmsrtQgyCKUwotiw,I Heard It Through The Grapevine,73,75.0,0.711,0.362,3,-10.851,0,0.0381,0.272,0,0.127,0.616,117.287,194293,4
70LcF31zb1H0PyJoS1Sx1r,Creep,85,81.0,0.515,0.43,7,-9.935,1,0.0372,0.0097,0.000133,0.129,0.104,91.844,238640,4
3NfxSdJnVdon1axzloJgba,I Say a Little Prayer,76,73.0,0.592,0.355,9,-14.051,1,0.0352,0.478,0,0.0585,0.499,133.032,216773,4
3Yxmpx64AdWAzG3qAD4Dty,It Takes Two,56,49.0,0.767,0.776,2,-8.915,1,0.144,0.0143,0,0.326,0.608,111.686,301893,4
4Hhv2vrOTy89HFRcjU3QOx,At Last,77,70.0,0.274,0.348,5,-8.631,1,0.0293,0.547,0.0133,0.334,0.328,87.43,179693,3
6I9VzXrHxO9rA9A5euc8Ak,Toxic,83,83.0,0.774,0.838,5,-3.914,0,0.114,0.0249,0.025,0.242,0.924,143.04,198800,4
0dMd4rilfd6gPbXaLpNYhu,Higher Ground,66,79.0,0.716,0.85,8,-9.949,1,0.0426,0.0631,0.00133,0.189,0.821,125.474,222600,4
31AOj9sFz2gM0O3hMARRBx,Losing My Religion,84,75.0,0.666,0.855,9,-5.051,0,0.0295,0.179,1.2e-06,0.0987,0.803,125.639,268427,4
56lhDZNQ5J47aog6mGKeGk,Thunder Road,65,79.0,0.369,0.758,5,-5.871,1,0.0364,0.623,1.78e-05,0.531,0.663,140.71,288720,4
7mzNk14FElnA5DOKQyBrM0,Something - Remastered 2015,56,88.0,0.449,0.375,0,-9.329,1,0.0286,0.302,2.41e-06,0.144,0.466,133.845,181413,4
7lL2lMWNtzOcf5HnEudNgn,Everyday People,62,63.0,0.813,0.619,7,-8.203,1,0.0294,0.245,0.0151,0.113,0.774,114.58,139507,4
4NnWuGQujzWUEg0uZokO5M,Just Like Heaven,72,76.0,0.437,0.94,9,-6.946,1,0.0426,0.0524,0.000573,0.222,0.48,151.417,212013,4
119c93MHjrDLJTApCVGpvx,"C.R.E.A.M. (Cash Rules Everything Around Me) (feat. Method Man, Raekwon, Inspectah Deck & Buddha Monk)",76,69.2,0.479,0.549,11,-10.551,0,0.373,0.57,0.0235,0.127,0.576,180.985,252187,4
75zMKn5euxQdlkZgu4P42J,Sympathy For The Devil,64,81.0,0.728,0.681,9,-10.943,1,0.221,0.61,0,0.0559,0.578,115.944,376800,4
3ZE3wv8V3w2T2f7nOCjV0N,Life on Mars? - 2015 Remaster,72,80.0,0.442,0.384,10,-14.635,1,0.0414,0.639,7.7e-05,0.0539,0.216,123.281,235987,4
5LxvwujISqiB8vpRYv887S,I Want You Back,78,76.0,0.469,0.538,8,-13.559,1,0.0571,0.305,0.00012,0.37,0.886,196.605,176333,4
3jS7bB0oXVOwGFZn3aE5NV,You Oughta Know - 2015 Remaster,70,70.0,0.665,0.834,4,-7.737,1,0.0576,0.21,0,0.452,0.411,105.292,249493,4
6KvtyRPdet4cWtlMFBGbqM,Maybelline,17,7.0,0.768,0.806,3,-9.252,1,0.081,0.753,0,0.122,0.745,117.422,142094,4
0hDQV9X1Da5JrwhK8gu86p,Maps,68,66.0,0.502,0.941,7,-5.194,1,0.0716,0.000346,0.319,0.553,0.124,119.783,219987,4
18GiV1BaXzPVYpp9rmOg0E,Blowin' in the Wind,71,75.0,0.38,0.0993,2,-20.567,1,0.0509,0.914,2.32e-05,0.0605,0.44,174.874,165427,4
5ubvP9oKmxLUVq506fgLhk,Stayin Alive,80,79.0,0.702,0.773,10,-9.256,0,0.0343,0.0288,0.00871,0.147,0.953,103.564,285373,4
3KfbEIOC7YIv90FIfNSZpo,In My Life - Remastered 2009,75,88.0,0.688,0.435,9,-11.359,1,0.0323,0.449,0,0.113,0.435,103.239,146333,4
2zAKLfOJLTHK5RGrj9ag0x,Gloria,21,61.0,0.314,0.58,9,-8.724,1,0.0539,0.969,0.356,0.199,0.417,138.122,618208,4
7IdFdRlCjUi6kkhbPoRfnw,99 Problems,56,86.0,0.493,0.887,6,-4.297,0,0.4,0.00661,0,0.103,0.551,89.157,234627,4
1qPbGZqppFwLwcBC1JQ6Vr,Wonderwall,72,79.0,0.41,0.854,2,-5.609,1,0.0366,0.00236,0,0.133,0.456,174.584,258907,4
4eHbdreAnSOrDDsFfc4Fpm,I Will Always Love You,78,79.0,0.332,0.214,4,-12.518,1,0.0349,0.845,5.62e-06,0.0839,0.11,67.531,271093,4
6JY1IdkZGeIcPegKxjSKeb,Since U Been Gone,72,83.0,0.662,0.739,9,-5.354,0,0.0322,0.00206,0.0603,0.113,0.382,130.999,188960,4
32fZXsDwoDchpdtsCmeo0o,Good Golly Miss Molly,39,60.0,0.564,0.875,7,-9.052,1,0.0485,0.494,0.000121,0.355,0.963,166.324,127387,4
4ns1XFP3W5JPyzvnAjMdHD,Int'l Players Anthem (I Choose You) (feat. Outkast),65,70.0,0.675,0.68,4,-5.01,0,0.256,0.0655,0,0.354,0.845,155.698,259040,4
5K09WxKdlkroDyEVyOSySy,(You Make Me Feel Like) A Natural Woman,71,73.0,0.603,0.271,5,-10.083,1,0.0284,0.679,0,0.141,0.405,110.89,165333,3
0aym2LBJBk9DAYuHHutrIl,Hey Jude - Remastered 2015,77,88.0,0.386,0.607,10,-7.7,1,0.0261,0.0112,1.38e-05,0.088,0.532,147.207,425653,4
7o2CTH4ctstm8TNelqjb51,Sweet Child O' Mine,83,81.0,0.454,0.91,6,-7.766,1,0.0448,0.0866,0.0996,0.116,0.629,125.116,354520,4
2Ud3deeqLAG988pfW0Kwcl,All My Friends,62,64.0,0.701,0.788,2,-5.611,1,0.0425,0.148,0.625,0.0977,0.795,142.584,462267,4
4hq0S6wznq7SHDyMOFXL9i,Tumbling Dice,62,81.0,0.615,0.91,11,-4.248,1,0.0347,0.5,0.511,0.281,0.77,111.013,226333,4
62LJFaYihsdVrrkgUOJC05,Kiss,74,73.0,0.898,0.271,7,-12.238,1,0.091,0.0135,0.00138,0.0461,0.742,111.485,226240,4
63xdwScd1Ai1GigAwQxE8y,Let's Stay Together,76,68.0,0.756,0.397,7,-10.701,0,0.0522,0.57,0.0115,0.0542,0.507,101.985,199396,4
4n1ZGm3TxYmoYe1YR8cMus,Desolation Row,50,75.0,0.432,0.605,4,-6.941,1,0.0306,0.673,0,0.129,0.647,109.227,681400,4
4OSBTYWVwsQhGLF9NHvIbR,Rolling in the Deep,86,96.0,0.73,0.769,8,-5.114,1,0.0298,0.138,0,0.0473,0.507,104.948,228093,4
3fElupNRLRJ0tbUDahPrAb,I'm Waiting For The Man,60,64.5,0.679,0.645,7,-9.765,1,0.0442,0.032,0.868,0.152,0.826,125.844,279520,4
5yQ9iMZXGcr5rlO4hoLsP4,"What'd I Say, Pt. 1 & 2",64,68.0,0.54,0.681,4,-5.44,1,0.0508,0.808,0,0.162,0.794,88.385,307053,4
3FAclTFfvUuQYnEsptbK8w,Back To Black,79,78.0,0.403,0.422,7,-13.964,0,0.0373,0.134,2.05e-05,0.0861,0.378,122.728,241293,4
6Pkj4nv5K53i64cLVgkVyY,Reach Out I'll Be There,59,65.0,0.607,0.599,3,-8.908,0,0.0282,0.0253,0,0.188,0.735,119.842,178533,4
5E5HYgxGMp3BPakHGfKfIB,Roadrunner,59,50.0,0.462,0.84,2,-6.667,1,0.0346,5.05e-05,6.47e-05,0.0893,0.805,75.542,246440,4
7hxZF4jETnE5Q75rKQnMjE,I Walk the Line,68,77.0,0.713,0.258,9,-14.59,1,0.0384,0.877,0.00606,0.0967,0.56,98.805,176533,4
2fXKyAyPrEa24c6PJyqznF,Common People,72,63.0,0.314,0.797,0,-9.026,1,0.038,0.0057,5.59e-05,0.0718,0.569,145.393,351627,4
7yzbimr8WVyAtBX3Eg6UL9,Hallelujah,67,68.0,0.28,0.344,0,-12.577,1,0.0293,0.715,0.00642,0.133,0.232,171.143,277160,3
6g0Orsxv6glTJCt4cHsRsQ,Formation,75,86.0,0.896,0.621,5,-6.857,0,0.237,0.00532,0,0.196,0.818,121.966,206080,4
4E5rL7YL0hVUPqeMSpjEF2,Yesterday - Remastered 2015,62,88.0,0.401,0.189,0,-11.189,1,0.0287,0.871,0,0.0968,0.357,94.509,125320,4
2M9ro2krNb7nr7HSprkEgo,Fast Car,79,71.0,0.711,0.292,4,-15.523,0,0.037,0.313,0,0.131,0.194,103.951,296800,4
1H5IfYyIIAlgDX8zguUzns,Suspicious Minds,73,82.0,0.487,0.382,7,-10.889,1,0.0309,0.0422,4.74e-06,0.411,0.714,116.557,261280,4
6GNRkaWUB0Lwc19SdkTgx8,All Too Well,74,100.0,0.602,0.609,0,-7.803,1,0.0243,0.0382,0.0002,0.128,0.337,93.06,329160,4
0G3fbPbE1vGeABDEZF0jeG,Good Times,67,64.0,0.87,0.657,2,-7.32,1,0.0522,0.149,0.0102,0.053,0.893,110.596,495400,4
6Vcwr9tb3ZLO63F8DL8cqu,Tangled up in Blue,64,75.0,0.421,0.661,9,-13.126,1,0.0433,0.414,1.16e-06,0.0962,0.554,100.965,341627,4
6l8EbYRtQMgKOyc1gcDHF9,Bridge Over Troubled Water,73,74.0,0.149,0.206,3,-13.888,1,0.0323,0.822,0.000649,0.115,0.264,79.764,293120,4
2grjqo0Frpf2okIBiifQKs,September,83,77.0,0.697,0.832,9,-7.264,1,0.0298,0.168,0.00131,0.269,0.979,125.926,215093,4
4KcH1ZRV2W1q7Flq0QqC76,Blitzkrieg Bop - 2016 Remaster,73,69.0,0.385,0.783,9,-2.533,1,0.233,0.000269,0.47,0.108,0.902,176.701,134467,4
2SpEHTbUuebeLkgs9QB7Ue,Jolene,74,75.0,0.674,0.537,1,-10.971,0,0.0363,0.566,0,0.131,0.809,110.578,161533,4
3G69vJMWsX6ZohTykad2AU,One,78,80.0,0.392,0.534,0,-8.793,1,0.0369,0.245,0.00104,0.155,0.325,181.305,276187,4
5CQ30WqJwcep0pYcV4AMNc,Stairway to Heaven - Remaster,81,80.0,0.338,0.34,9,-12.049,0,0.0339,0.58,0.0032,0.116,0.197,82.433,482830,4
75FEaRjZTKLhTrFGsfMUXR,Running Up That Hill (A Deal With God),67,66.0,0.629,0.547,10,-13.123,0,0.055,0.72,0.00314,0.0604,0.197,108.375,298933,4
5wD0OP3jK8lz47EvLFYeeA,The Message,50,47.0,0.945,0.637,10,-9.725,0,0.209,0.023,3.35e-06,0.0834,0.728,100.607,429293,4
0P7DoyGrr4Wp9w5TotEtUC,The Weight - Remastered 2000,73,65.0,0.63,0.551,9,-9.28,1,0.0549,0.373,5.75e-05,0.103,0.518,143.868,274493,4
2GVEs1sn5Q1jB1976vQoAX,Family Affair - Single Version,53,63.0,0.819,0.605,2,-13.83,0,0.132,0.669,0.0163,0.199,0.797,108.892,185533,4
3jagJCUbdqhDSPuxP8cAqF,Work It,72,73.0,0.884,0.677,1,-5.603,1,0.283,0.0778,0,0.0732,0.584,101.868,263227,4
1z3ugFmUKoCzGsI6jdY4Ci,Like a Prayer,73,79.0,0.624,0.842,5,-5.285,1,0.0376,0.264,2.11e-05,0.181,0.257,111.037,342680,4
6QyQmdvQ1ywNccYa0pwLNQ,The Tracks Of My Tears,66,61.0,0.502,0.333,7,-10.914,1,0.0264,0.699,0,0.222,0.729,96.982,174360,4
6aU6a9tdn2vHhnPGlboFZX,Good Vibrations,56,76.0,0.414,0.528,1,-7.733,1,0.0343,0.0495,0.00026,0.117,0.335,74.627,255400,4
2CftANRfd9ZhVsFHVBfVfG,I Feel Love,46,68.0,0.673,0.792,7,-10.94,0,0.0427,0.0633,0.632,0.0771,0.964,125.72,225213,4
3xsOtNxtBW0oTI1OWKAzTm,Walk on By,63,64.0,0.7,0.33,5,-9.027,1,0.0303,0.719,8.6e-05,0.136,0.524,98.605,178333,4
6jEZLz3YpnEBRpVkv35AmP,Gasolina,56,88.0,0.857,0.801,0,-6.499,1,0.0618,0.332,1.2e-06,0.0789,0.753,96.009,192600,4
0uEp9E98JB5awlA084uaIg,Doo Wop (That Thing),75,74.0,0.535,0.505,2,-8.926,0,0.245,0.0393,0,0.0923,0.495,99.935,320267,4
1W5XugQJGhnSATMI5n002M,Idioteque,61,81.0,0.615,0.931,3,-7.8,1,0.273,0.0352,2.23e-05,0.0915,0.525,137.544,309093,3
2TVxnKdb3tqe1nhQWwwZCO,Tiny Dancer,79,89.0,0.414,0.428,0,-11.097,1,0.0278,0.382,0.000243,0.148,0.282,145.075,377093,4
1ixbwbeBi5ufN4noUKmW5a,Paper Planes,78,71.0,0.447,0.848,2,-6.175,1,0.222,0.033,7.46e-05,0.65,0.485,172.253,205200,4
3iVcZ5G6tvkXZkZKlMpIUs,Alright,77,89.0,0.796,0.766,7,-5.974,1,0.238,0.0742,0,0.0827,0.558,110.034,219333,4
5ChkMS8OtdzJeqyybCc9R5,Billie Jean,85,84.0,0.92,0.654,11,-3.051,0,0.0401,0.0236,0.0158,0.0359,0.847,117.046,293827,4
745H5CctFr12Mo7cqa1BMH,My Girl,79,70.0,0.572,0.418,0,-10.738,1,0.0349,0.635,0,0.0961,0.694,104.566,165000,4
26PwuMotZqcczKLHi4Htz3,Redemption Song,70,80.0,0.671,0.256,7,-10.743,1,0.0387,0.608,0,0.0737,0.694,115.871,233560,4
34iOH7LY3vme5rQxsVILZ4,Love Will Tear Us Apart - 2020 Remaster,70,66.0,0.527,0.923,2,-7.458,1,0.0379,0.000541,0.765,0.127,0.899,146.924,208453,4
2aoo2jlRnM3A0NyLQqMN2f,All Along the Watchtower,78,73.0,0.438,0.805,8,-6.237,1,0.0624,0.00255,5.69e-05,0.0842,0.564,113.253,240800,4
3WibbMr6canxRJXhNtAvLU,B.O.B. - Bombs Over Baghdad,64,77.0,0.746,0.978,9,-5.324,1,0.0978,0.0555,4.11e-05,0.026,0.653,153.809,304227,4
3zBhihYUHBmGd2bcQIobrF,(Sittin' On) the Dock of the Bay,76,73.0,0.769,0.367,2,-11.226,1,0.0312,0.684,1.62e-05,0.081,0.535,103.621,163756,4
51H2y6YrNNXcy3dfc3qSbA,When Doves Cry,72,73.0,0.729,0.989,9,-4.613,0,0.049,0.0102,4.45e-05,0.443,0.84,126.47,352906,4
3dPQuX8Gs42Y7b454ybpMR,Seven Nation Army,85,74.0,0.743,0.446,4,-7.807,0,0.0683,0.0039,0.118,0.337,0.278,123.596,232107,4
2iXcvnD3d1gfLBum0cE5Eg,Tutti Frutti,67,60.0,0.555,0.658,5,-3.866,1,0.0541,0.793,0,0.118,0.937,184.835,144227,4
58cAopfBOtm1Sgifx99jtR,Papa's Got A Brand New Bag - Pt. 1,59,67.0,0.777,0.816,4,-5.198,1,0.102,0.592,0.0212,0.253,0.897,129.563,126040,4
2QfiRTz5Yc8DdShCxG1tB2,Johnny B. Goode,77,72.0,0.534,0.803,10,-9.129,1,0.0743,0.741,6.07e-05,0.307,0.969,167.983,161560,4
2AP7m2dBb8ULTx4Gc1rdMc,Juicy,62,80.0,0.887,0.767,9,-4.311,1,0.295,0.38,0,0.0527,0.607,97.437,285760,4
2PzU4IB8Dr6mxV3lHuaG34,(I Can't Get No) Satisfaction - Mono Version,79,81.0,0.723,0.863,2,-7.89,1,0.0338,0.0383,0.0317,0.128,0.931,136.302,222813,4
2dLLR6qlu5UJ5gk0dKz0h3,Royals,80,81.0,0.674,0.428,7,-9.504,1,0.122,0.121,0,0.132,0.337,84.878,190185,4
0yVqOHB6XEvD7w5ijnjczz,"Nuthin' But A ""G"" Thang",39,83.0,0.745,0.691,11,-8.093,0,0.284,0.000834,0,0.167,0.629,94.652,238413,4
38Ngied9rBORlAbLYNCl4k,Once in a Lifetime - 2005 Remaster,71,70.0,0.644,0.919,2,-6.289,1,0.0561,0.181,0.134,0.622,0.871,117.459,259907,4
6hTcuIQa0sxrrByu9wTD7s,Born to Run,72,79.0,0.27,0.944,4,-4.199,1,0.0975,0.00501,2.05e-05,0.116,0.606,146.347,269920,4
7shVwhUdVbHpykOfbzvDc1,A Case of You,68,68.0,0.693,0.201,1,-9.903,1,0.0288,0.9,0,0.112,0.679,100.836,263480,4
3DK6m7It6Pw857FcQftMds,Runaway,77,84.5,0.374,0.568,1,-3.825,0,0.109,0.219,0.00219,0.513,0.111,84.733,547733,4
0hKRSZhUGEhKU6aNSPBACZ,A Day In The Life - Remastered 2009,68,88.0,0.364,0.457,4,-14.162,0,0.0675,0.29,0.000106,0.922,0.175,163.219,337413,4
7Jh1bpe76CNTCgdgAdBw4Z,Heroes - 2017 Remaster,76,80.0,0.49,0.758,7,-6.491,1,0.0297,0.000671,0.484,0.092,0.435,112.114,371413,4
2G2YzndIA6jeWFPBXhUjh5,Be My Baby,70,75.0,0.511,0.769,4,-7.032,1,0.042,0.181,0,0.0921,0.818,129.657,160907,4
1CTex49P0iWwzUGsMNjgaV,Strange Fruit,60,68.0,0.313,0.0437,6,-22.627,1,0.0315,0.989,0.148,0.209,0.0625,100.827,192867,1
6aqNCrRA7vs7v6QvRpI50t,Dancing On My Own,66,65.0,0.674,0.857,6,-5.328,1,0.0346,0.0557,0.196,0.0942,0.278,117.028,285854,4
7pKfPomDEeI4TPT6EOYjn9,Imagine - Remastered 2010,79,77.0,0.547,0.257,0,-12.358,1,0.0252,0.907,0.183,0.0935,0.169,75.752,187867,4
54X78diSLoUDI3joC2bjMz,Purple Rain,76,73.0,0.367,0.452,10,-10.422,1,0.0307,0.0353,0.00228,0.689,0.189,113.066,520787,4
3z8h0TU7ReDPLIbEnYhWZb,Bohemian Rhapsody,74,88.0,0.39,0.397,0,-9.963,0,0.0513,0.287,0,0.207,0.246,144.031,354947,4
5IVuqXILoxVWvWEPm82Jxr,Crazy In Love (feat. Jay-Z),78,86.0,0.646,0.77,2,-6.596,0,0.226,0.00249,0,0.0715,0.681,99.165,236133,4
4pbG9SUmWIvsROVLF0zF9s,I Want To Hold Your Hand - Remastered 2015,73,88.0,0.49,0.715,7,-5.549,1,0.0476,0.386,0,0.311,0.866,130.726,145747,4
3Uc7SXgbFRbCJGic2brAxh,Waterloo Sunset,47,69.0,0.577,0.401,1,-15.392,0,0.0286,0.302,1.4e-06,0.0918,0.512,107.369,199173,4
6H3kDe7CGoWYBabAeVWGiD,Gimme Shelter,76,81.0,0.634,0.63,1,-8.277,0,0.031,0.447,0.039,0.17,0.489,118.628,270773,4
4N0TP4Rmj6QQezWV88ARNJ,Superstition,75,79.0,0.611,0.578,1,-14.171,1,0.0676,0.0598,0.0219,0.0983,0.884,100.625,266133,4
0xb6220jAyOgKwukn1VxZ8,God Only Knows - Remastered,51,76.0,0.517,0.421,9,-10.772,1,0.0321,0.252,0,0.0933,0.447,117.198,171627,4
2PpruBYCo4H7WOBJ7Q2EwM,Hey Ya!,82,77.0,0.727,0.974,4,-2.261,0,0.0664,0.103,0.000532,0.174,0.965,79.526,235213,4
0ofHAoxe9vBkTCp2UQIavz,Dreams - 2004 Remaster,86,82.0,0.828,0.492,0,-9.744,1,0.0276,0.0644,0.00428,0.128,0.789,120.151,257800,4
6zsk6uF3MxfIeHPlubKBvR,Get Ur Freak On,71,73.0,0.797,0.75,0,-9.369,1,0.247,0.533,0.108,0.095,0.74,177.87,211120,4
3Am0IbOxmvlSXro7N5iSfZ,Strawberry Fields Forever - Remastered 2009,72,88.0,0.39,0.502,10,-12.277,1,0.178,0.336,0.000138,0.0713,0.289,97.871,247320,4
3Um9toULmYFGCpvaIPFw7l,What's Going On,72,75.0,0.283,0.716,1,-9.632,0,0.0986,0.447,0,0.399,0.828,201.96,233000,4
1f3yAtsJtY87CTmM8RLnxf,Smells Like Teen Spirit,75,83.0,0.502,0.912,1,-4.556,1,0.0564,2.55e-05,0.000173,0.106,0.72,116.761,301920,4
3AhXZa8sUQht0UEdBJgpGc,Like a Rolling Stone,73,75.0,0.482,0.721,0,-6.839,1,0.0321,0.731,0,0.189,0.557,95.263,369600,4
0KOE1hat4SIer491XKk4Pa,A Change Is Gonna Come,69,69.0,0.212,0.383,10,-10.071,1,0.0347,0.723,0,0.299,0.452,173.79,191160,3
1yo16b3u0lptm6Cs7lx4AD,Fight The Power,59,60.0,0.797,0.582,2,-12.97,1,0.255,0.00484,2.04e-06,0.517,0.415,105.974,282640,4
7s25THrKz86DM225dOYwnr,Respect,75,73.0,0.805,0.558,0,-5.226,1,0.041,0.164,2.2e-05,0.0546,0.965,114.95,147600,4
